Location,LocationHierarchy,audience_man,audience_woman,Frequency,%ven_audience_man,%ven_audience_woman,audience_adolecent,audience_young_adult,audience_middle_age,audience_elder,audience_adult,%ven_audience_adolecent,%ven_audience_young_adult,%ven_audience_adult,%ven_audience_middle_age,%ven_audience_elder,audience_locals_man,audience_locals_woman,%locals_audience_man,%locals_audience_woman,audience_locals_adolecent,audience_locals_young_adult,audience_locals_middle_age,audience_locals_elder,audience_locals_adult,%locals_audience_adolecent,%locals_audience_young_adult,%locals_audience_adult,%locals_audience_middle_age,%locals_audience_elder,audience_adolecent_man,audience_young_adult_man,audience_middle_age_man,audience_elder_man,audience_adult_man,audience_adolecent_woman,audience_young_adult_woman,audience_middle_age_woman,audience_elder_woman,audience_adult_woman,audience_home,audience_recent,%ven_audience_home,%ven_audience_recent,audience_locals_home,audience_locals_recent,%locals_audience_home,%locals_audience_recent,audience_home_man,audience_recent_man,audience_home_woman,audience_recent_woman,audience_iOS,audience_Android,audience_Other,%ven_audience_iOS,%ven_audience_Android,%ven_audience_Other,audience_iOS_man,audience_Android_man,audience_Other_man,audience_iOS_woman,audience_Android_woman,audience_Other_woman,audience_locals_iOS,audience_locals_Android,audience_locals_Other,%locals_audience_iOS,%locals_audience_Android,%locals_audience_Other,venezuelans,allmigrants,allpopulation,allnonmigrant,ven/migrants,ven/pop,100ven/migrants,100ven/pop,not_enough_data,%diff_audience_home,%diff_audience_recent,%diff_audience_man,%diff_audience_woman,%diff_audience_adolecent,%diff_audience_young_adult,%diff_audience_adult,%diff_audience_middle_age,%diff_audience_elder,%diff_audience_iOS,%diff_audience_Android,%diff_audience_Other,ramv_venezuelans,fb/ramv,display_audience_man,display_audience_woman,display_audience_adolecent,display_audience_young_adult,display_audience_middle_age,display_audience_elder,display_audience_adult,display_audience_locals_man,display_audience_locals_woman,display_audience_locals_adolecent,display_audience_locals_young_adult,display_audience_locals_middle_age,display_audience_locals_elder,display_audience_locals_adult,display_audience_adolecent_man,display_audience_young_adult_man,display_audience_middle_age_man,display_audience_elder_man,display_audience_adult_man,display_audience_adolecent_woman,display_audience_young_adult_woman,display_audience_middle_age_woman,display_audience_elder_woman,display_audience_adult_woman,display_audience_home,display_audience_recent,display_audience_locals_home,display_audience_locals_recent,display_audience_home_man,display_audience_recent_man,display_audience_home_woman,display_audience_recent_woman,display_audience_iOS,display_audience_Android,display_audience_Other,display_audience_iOS_man,display_audience_Android_man,display_audience_Other_man,display_audience_iOS_woman,display_audience_Android_woman,display_audience_Other_woman,display_audience_locals_iOS,display_audience_locals_Android,display_audience_locals_Other
"Cúcuta, Norte de Santander, Colombia",City,28000,27000,Monthly,50.91,49.09,5000,19000,7500,1000,22000,9.17,34.86,40.37,13.76,1.83,250000,280000,47.17,52.83,67000,160000,110000,12000,200000,12.2,29.14,36.43,20.04,2.19,2300,10000,3500,1000,12000,2800,9300,3900,1000,10000,53000,13000,80.3,19.7,510000,180000,73.91,26.09,27000,6200,26000,7000,1700,35000,18000,3.11,63.99,32.91,1000,17000,11000,1000,18000,7700,30000,380000,130000,5.56,70.37,24.07,55000,71000,600000,540000,0.7746,0.0917,77.46,9.17,False,6.39,-6.39,3.74,-3.74,-3.03,5.72,3.94,-6.27,-0.35,-2.45,-6.38,8.83,,,28K,27K,5.0K,19K,7.5K,1.0K,22K,250K,280K,67K,160K,110K,12K,200K,2.3K,10K,3.5K,1.0K,12K,2.8K,9.3K,3.9K,1.0K,10K,53K,13K,510K,180K,27K,6.2K,26K,7.0K,1.7K,35K,18K,1.0K,17K,11K,1.0K,18K,7.7K,30K,380K,130K
"Cúcuta, Norte de Santander, Colombia",City,14055,15762,Daily,47.14,52.86,1955,9403,4525,444,13253,6.61,31.79,44.8,15.3,1.5,145864,180781,44.66,55.34,31740,93992,68825,6402,126523,9.69,28.7,38.64,21.02,1.95,1310,5231,1842,498,5851,1340,5465,2735,499,5931,29784,8862,77.07,22.93,304775,142897,68.08,31.92,13648,4472,15015,5122,735,21571,6823,2.52,74.05,23.42,399,10682,5106,249,10489,2984,20560,255562,48154,6.34,78.81,14.85,30388,41376,365759,323567,0.7344,0.0831,73.44,8.31,False,8.99,-8.99,2.48,-2.48,-3.08,3.09,6.17,-5.72,-0.45,-3.82,-4.76,8.57,,,14K,15K,1.9K,9.4K,4.5K,444,13K,145K,180K,31K,93K,68K,6.4K,126K,1.3K,5.2K,1.8K,498,5.8K,1.3K,5.4K,2.7K,499,5.9K,29K,8.8K,304K,142K,13K,4.4K,15K,5.1K,735,21K,6.8K,399,10K,5.1K,249,10K,2.9K,20K,255K,48K
"Arauca, Arauca, Colombia",City,3000,3000,Monthly,50.0,50.0,1000,2300,1000,1000,2500,12.82,29.49,32.05,12.82,12.82,25000,26000,49.02,50.98,7000,15000,10000,1000,20000,13.21,28.3,37.74,18.87,1.89,1000,1100,1000,1000,1300,1000,1200,1000,1000,1200,5800,1500,79.45,20.55,50000,19000,72.46,27.54,2900,1000,2900,1000,1000,3800,2300,14.08,53.52,32.39,1000,1700,1200,1000,2000,1000,2500,36000,14000,4.76,68.57,26.67,6100,7100,59000,52000,0.8592,0.1034,85.92,10.34,False,6.99,-6.99,0.98,-0.98,-0.39,1.19,-5.68,-6.05,10.93,9.32,-15.05,5.73,,,3.0K,3.0K,1.0K,2.3K,1.0K,1.0K,2.5K,25K,26K,7.0K,15K,10K,1.0K,20K,1.0K,1.1K,1.0K,1.0K,1.3K,1.0K,1.2K,1.0K,1.0K,1.2K,5.8K,1.5K,50K,19K,2.9K,1.0K,2.9K,1.0K,1.0K,3.8K,2.3K,1.0K,1.7K,1.2K,1.0K,2.0K,1.0K,2.5K,36K,14K
"Arauca, Arauca, Colombia",City,1187,1443,Daily,45.13,54.87,499,940,599,997,1149,11.93,22.47,27.46,14.32,23.83,14147,15121,48.34,51.66,3141,7499,5539,407,12695,10.73,25.61,43.36,18.92,1.39,0,915,0,0,482,665,514,999,997,545,2618,642,80.31,19.69,25452,14713,63.37,36.63,1475,0,1596,333,0,1706,1156,0.0,59.61,40.39,0,792,479,0,961,649,1893,24087,4043,6.31,80.23,13.47,2963,3292,32833,26871,0.9001,0.0902,90.01,9.02,False,16.94,-16.94,-3.2,3.2,1.2,-3.14,-15.89,-4.6,22.44,-6.31,-20.62,26.92,,,1.1K,1.4K,499,940,599,997,1.1K,14K,15K,3.1K,7.4K,5.5K,407,12K,0,915,0,0,482,665,514,999,997,545,2.6K,642,25K,14K,1.4K,0,1.5K,333,0,1.7K,1.1K,0,792,479,0,961,649,1.8K,24K,4.0K
"Riohacha, La Guajira, Colombia",City,6600,6300,Monthly,51.16,48.84,1600,4800,1300,1000,5200,11.51,34.53,37.41,9.35,7.19,58000,63000,47.93,52.07,20000,38000,20000,2000,45000,16.0,30.4,36.0,16.0,1.6,1000,2500,1000,1000,2700,1000,2400,1000,1000,2400,12000,2800,81.08,18.92,110000,37000,74.83,25.17,6300,1200,6000,1500,1000,7500,5400,7.19,53.96,38.85,1000,3500,3000,1000,3900,2400,4900,84000,34000,3.99,68.35,27.66,13000,16000,140000,120000,0.8125,0.0929,81.25,9.29,False,6.25,-6.25,3.23,-3.23,-4.49,4.13,1.41,-6.65,5.59,3.21,-14.39,11.18,,,6.6K,6.3K,1.6K,4.8K,1.3K,1.0K,5.2K,58K,63K,20K,38K,20K,2.0K,45K,1.0K,2.5K,1.0K,1.0K,2.7K,1.0K,2.4K,1.0K,1.0K,2.4K,12K,2.8K,110K,37K,6.3K,1.2K,6.0K,1.5K,1.0K,7.5K,5.4K,1.0K,3.5K,3.0K,1.0K,3.9K,2.4K,4.9K,84K,34K
"Riohacha, La Guajira, Colombia",City,3090,3295,Daily,48.39,51.61,639,1550,866,0,3327,10.01,24.29,52.13,13.57,0.0,27252,34495,44.13,55.87,7086,19154,11732,847,24612,11.17,30.2,38.8,18.5,1.34,499,657,714,0,1455,399,1075,333,0,1439,5711,1199,82.65,17.35,52842,26851,66.31,33.69,3223,532,3238,998,664,4297,1802,9.82,63.54,26.64,0,1531,1637,997,2521,944,2879,50404,8766,4.64,81.23,14.13,5763,7979,69357,59872,0.7223,0.0831,72.23,8.31,False,16.34,-16.34,4.26,-4.26,-1.16,-5.91,13.33,-4.93,-1.34,5.18,-17.7,12.52,,,3.0K,3.2K,639,1.5K,866,0,3.3K,27K,34K,7.0K,19K,11K,847,24K,499,657,714,0,1.4K,399,1.0K,333,0,1.4K,5.7K,1.1K,52K,26K,3.2K,532,3.2K,998,664,4.2K,1.8K,0,1.5K,1.6K,997,2.5K,944,2.8K,50K,8.7K
"Distrito Especial, Colombia",State,160000,140000,Monthly,53.33,46.67,18000,110000,35000,3700,140000,5.87,35.87,45.65,11.41,1.21,3900000,4000000,49.37,50.63,750000,2100000,2000000,230000,3100000,9.17,25.67,37.9,24.45,2.81,7700,54000,17000,1800,77000,10000,51000,17000,1800,60000,290000,80000,78.38,21.62,7900000,2800000,73.83,26.17,150000,40000,140000,39000,16000,190000,94000,5.33,63.33,31.33,7500,96000,55000,7900,94000,39000,740000,5600000,1900000,8.98,67.96,23.06,300000,570000,8600000,8000000,0.5263,0.0349,52.63,3.49,False,4.55,-4.55,3.97,-3.97,-3.3,10.19,7.75,-13.04,-1.61,-3.65,-4.63,8.28,43483.0,6.899247981969966,160K,140K,18K,110K,35K,3.7K,140K,3.9M,4.0M,750K,2.1M,2.0M,230K,3.1M,7.7K,54K,17K,1.8K,77K,10K,51K,17K,1.8K,60K,290K,80K,7.9M,2.8M,150K,40K,140K,39K,16K,190K,94K,7.5K,96K,55K,7.9K,94K,39K,740K,5.6M,1.9M
"Distrito Especial, Colombia",State,99075,608,Daily,99.39,0.61,8280,66568,20566,1511,88454,4.47,35.91,47.72,11.09,0.82,2372239,2620799,47.51,52.49,363799,1334479,1183999,116690,2027812,7.24,26.55,40.34,23.55,2.32,3780,32255,9504,467,49571,5489,31752,10343,635,37114,172910,63312,73.2,26.8,4811626,2209385,68.53,31.47,95711,30628,85297,29928,10539,119438,47369,5.94,67.35,26.71,4729,62446,28025,5539,60558,20656,532010,3822933,603946,10.73,77.09,12.18,176932,324785,5109066,4851199,0.5448,0.0346,54.48,3.46,False,4.67,-4.67,51.88,-51.88,-2.77,9.36,7.38,-12.46,-1.51,-4.79,-9.75,14.53,43483.0,4.068992479819699,99K,608,8.2K,66K,20K,1.5K,88K,2.3M,2.6M,363K,1.3M,1.1M,116K,2.0M,3.7K,32K,9.5K,467,49K,5.4K,31K,10K,635,37K,172K,63K,4.8M,2.2M,95K,30K,85K,29K,10K,119K,47K,4.7K,62K,28K,5.5K,60K,20K,532K,3.8M,603K
"Amazonas, Colombia",State,1000,1000,Monthly,50.0,50.0,1000,1000,1000,1000,1000,20.0,20.0,20.0,20.0,20.0,9200,8800,51.11,48.89,3800,5000,3100,1000,6400,19.69,25.91,33.16,16.06,5.18,1000,1000,1000,1000,1000,1000,1000,1000,1000,1000,1000,1000,50.0,50.0,16000,7500,68.09,31.91,1000,1000,1000,1000,1000,1000,1000,33.33,33.33,33.33,1000,1000,1000,1000,1000,1000,1000,11000,6700,5.35,58.82,35.83,1000,2100,20000,18000,0.4762,0.0500,47.62,5.00,True,-18.09,18.09,-1.11,1.11,0.31,-5.91,-13.16,3.94,14.82,27.99,-25.49,-2.5,8.0,125.0,1.0K,1.0K,1.0K,1.0K,1.0K,1.0K,1.0K,9.2K,8.8K,3.8K,5.0K,3.1K,1.0K,6.4K,1.0K,1.0K,1.0K,1.0K,1.0K,1.0K,1.0K,1.0K,1.0K,1.0K,1.0K,1.0K,16K,7.5K,1.0K,1.0K,1.0K,1.0K,1.0K,1.0K,1.0K,1.0K,1.0K,1.0K,1.0K,1.0K,1.0K,1.0K,11K,6.7K
"Amazonas, Colombia",State,0,997,Daily,0.0,100.0,0,997,0,0,0,0.0,100.0,0.0,0.0,0.0,3352,3924,46.07,53.93,431,1644,1812,0,2640,6.6,25.19,40.45,27.76,0.0,0,0,0,0,0,0,997,0,0,0,997,0,100.0,0.0,4923,3585,57.86,42.14,0,0,997,0,0,0,997,0.0,0.0,100.0,0,0,0,0,0,997,571,5162,1056,8.41,76.03,15.55,997,809,7513,6886,1.2324,0.1327,123.24,13.27,True,42.14,-42.14,-46.07,46.07,-6.6,74.81,-40.45,-27.76,0.0,-8.41,-76.03,84.45,8.0,124.625,0,997,0,997,0,0,0,3.3K,3.9K,431,1.6K,1.8K,0,2.6K,0,0,0,0,0,0,997,0,0,0,997,0,4.9K,3.5K,0,0,997,0,0,0,997,0,0,0,0,0,997,571,5.1K,1.0K
"Antioquia, Colombia",State,43000,36000,Monthly,54.43,45.57,4800,26000,11000,1300,37000,5.99,32.46,46.19,13.73,1.62,2000000,2100000,48.78,51.22,490000,1200000,880000,110000,1500000,11.72,28.71,35.89,21.05,2.63,2200,14000,5300,1000,22000,2500,12000,5600,1000,16000,77000,26000,74.76,25.24,4000000,1400000,74.07,25.93,42000,14000,35000,12000,4400,52000,25000,5.41,63.88,30.71,2200,27000,15000,2200,25000,9900,300000,2900000,1000000,7.14,69.05,23.81,79000,200000,4300000,4100000,0.3950,0.0184,39.50,1.84,False,0.68,-0.68,5.65,-5.65,-5.73,3.75,10.31,-7.32,-1.01,-1.74,-5.17,6.9,21850.0,3.6155606407322654,43K,36K,4.8K,26K,11K,1.3K,37K,2.0M,2.1M,490K,1.2M,880K,110K,1.5M,2.2K,14K,5.3K,1.0K,22K,2.5K,12K,5.6K,1.0K,16K,77K,26K,4.0M,1.4M,42K,14K,35K,12K,4.4K,52K,25K,2.2K,27K,15K,2.2K,25K,9.9K,300K,2.9M,1.0M
"Antioquia, Colombia",State,23377,20549,Daily,53.22,46.78,2645,15935,5107,649,20461,5.9,35.57,45.67,11.4,1.45,1078399,1268399,45.95,54.05,241569,684159,500309,58148,957599,9.89,28.02,39.22,20.49,2.38,1066,8847,2356,499,13113,1163,7213,2571,499,10455,43521,19582,68.97,31.03,2326399,1055786,68.78,31.22,23806,10424,19111,8897,2614,34021,9923,5.61,73.07,21.31,1475,17308,6601,1055,15853,4073,199633,1865279,307466,8.41,78.62,12.96,43876,107415,2429786,2352853,0.4085,0.0181,40.85,1.81,False,0.18,-0.18,7.27,-7.27,-3.99,7.55,6.46,-9.09,-0.93,-2.8,-5.55,8.35,21850.0,2.0080549199084667,23K,20K,2.6K,15K,5.1K,649,20K,1.0M,1.2M,241K,684K,500K,58K,957K,1.0K,8.8K,2.3K,499,13K,1.1K,7.2K,2.5K,499,10K,43K,19K,2.3M,1.0M,23K,10K,19K,8.8K,2.6K,34K,9.9K,1.4K,17K,6.6K,1.0K,15K,4.0K,199K,1.8M,307K
"Arauca, Colombia",State,6700,7100,Monthly,48.55,51.45,1700,5600,1200,1000,5400,11.41,37.58,36.24,8.05,6.71,61000,62000,49.59,50.41,20000,36000,21000,1500,45000,16.19,29.15,36.44,17.0,1.21,1000,2700,1000,1000,2700,1000,2900,1000,1000,2700,13000,3700,77.84,22.16,110000,49000,69.18,30.82,6300,1600,6600,2100,1000,8300,5400,6.8,56.46,36.73,1000,3700,2900,1000,4600,2500,3800,83000,36000,3.09,67.59,29.32,14000,16000,140000,120000,0.8750,0.1000,87.50,10.00,False,8.66,-8.66,-1.04,1.04,-4.78,8.43,-0.2,-8.95,5.5,3.71,-11.13,7.42,26261.0,0.5331099348844294,6.7K,7.1K,1.7K,5.6K,1.2K,1.0K,5.4K,61K,62K,20K,36K,21K,1.5K,45K,1.0K,2.7K,1.0K,1.0K,2.7K,1.0K,2.9K,1.0K,1.0K,2.7K,13K,3.7K,110K,49K,6.3K,1.6K,6.6K,2.1K,1.0K,8.3K,5.4K,1.0K,3.7K,2.9K,1.0K,4.6K,2.5K,3.8K,83K,36K
"Arauca, Colombia",State,2932,3959,Daily,42.55,57.45,768,2715,899,997,2936,9.24,32.65,35.31,10.81,11.99,32968,34813,48.64,51.36,9284,19274,12070,705,27948,13.4,27.82,40.34,17.42,1.02,296,1301,599,0,884,499,1681,999,997,1813,6479,2502,72.14,27.86,59237,36558,61.84,38.16,2992,479,3311,1417,0,4697,2102,0.0,69.08,30.92,0,1936,889,0,2488,1077,3065,53454,11615,4.5,78.45,17.05,6642,8313,80184,65097,0.7990,0.0828,79.90,8.28,False,10.3,-10.3,-6.09,6.09,-4.16,4.83,-5.03,-6.61,10.97,-4.5,-9.37,13.87,26261.0,0.2529225848215986,2.9K,3.9K,768,2.7K,899,997,2.9K,32K,34K,9.2K,19K,12K,705,27K,296,1.3K,599,0,884,499,1.6K,999,997,1.8K,6.4K,2.5K,59K,36K,2.9K,479,3.3K,1.4K,0,4.6K,2.1K,0,1.9K,889,0,2.4K,1.0K,3.0K,53K,11K
"Atlantico, Colombia",State,67000,63000,Monthly,51.54,48.46,13000,47000,15000,1600,55000,9.88,35.71,41.79,11.4,1.22,810000,880000,47.93,52.07,230000,490000,350000,42000,620000,13.28,28.29,35.8,20.21,2.42,6100,24000,7000,1000,29000,7200,22000,8000,1000,26000,130000,25000,83.87,16.13,1700000,430000,79.81,20.19,66000,12000,61000,13000,3000,82000,45000,2.31,63.08,34.62,1400,40000,25000,1500,42000,20000,110000,1200000,430000,6.32,68.97,24.71,130000,190000,1900000,1700000,0.6842,0.0684,68.42,6.84,False,4.06,-4.06,3.61,-3.61,-3.4,7.42,6.0,-8.81,-1.21,-4.01,-5.89,9.9,42771.0,3.039442612985434,67K,63K,13K,47K,15K,1.6K,55K,810K,880K,230K,490K,350K,42K,620K,6.1K,24K,7.0K,1.0K,29K,7.2K,22K,8.0K,1.0K,26K,130K,25K,1.7M,430K,66K,12K,61K,13K,3.0K,82K,45K,1.4K,40K,25K,1.5K,42K,20K,110K,1.2M,430K
"Atlantico, Colombia",State,33156,32460,Daily,50.53,49.47,4777,24260,7729,658,515,12.59,63.94,1.36,20.37,1.73,412775,475434,46.47,53.53,78464,250487,207935,20211,355383,8.6,27.45,38.95,22.79,2.21,1825,13113,3329,571,14258,3067,11785,3858,199,16064,61668,17609,77.79,22.21,888533,328802,72.99,27.01,30854,9880,33067,10246,922,46922,17750,1.41,71.53,27.06,649,20093,10912,962,25896,6433,71918,726719,115407,7.87,79.51,12.63,62812,95638,977866,888533,0.6568,0.0642,65.68,6.42,False,4.8,-4.8,4.06,-4.06,3.99,36.49,-37.59,-2.42,-0.48,-6.46,-7.97,14.43,42771.0,1.4685651492833929,33K,32K,4.7K,24K,7.7K,658,515,412K,475K,78K,250K,207K,20K,355K,1.8K,13K,3.3K,571,14K,3.0K,11K,3.8K,199,16K,61K,17K,888K,328K,30K,9.8K,33K,10K,922,46K,17K,649,20K,10K,962,25K,6.4K,71K,726K,115K
"Santander, Colombia",State,26000,24000,Monthly,52.0,48.0,3600,18000,6500,1000,22000,7.05,35.23,43.05,12.72,1.96,660000,700000,48.53,51.47,150000,380000,320000,35000,500000,10.83,27.44,36.1,23.1,2.53,1600,9300,3100,1000,12000,2000,8500,3300,1000,10000,48000,17000,73.85,26.15,1300000,520000,71.43,28.57,24000,8000,23000,8400,1600,32000,17000,3.16,63.24,33.6,1000,16000,9600,1000,16000,7100,88000,950000,330000,6.43,69.44,24.12,50000,91000,1400000,1300000,0.5495,0.0357,54.95,3.57,False,2.42,-2.42,3.47,-3.47,-3.79,7.79,6.95,-10.38,-0.57,-3.27,-6.2,9.47,10832.0,4.6159527326440175,26K,24K,3.6K,18K,6.5K,1.0K,22K,660K,700K,150K,380K,320K,35K,500K,1.6K,9.3K,3.1K,1.0K,12K,2.0K,8.5K,3.3K,1.0K,10K,48K,17K,1.3M,520K,24K,8.0K,23K,8.4K,1.6K,32K,17K,1.0K,16K,9.6K,1.0K,16K,7.1K,88K,950K,330K
"Santander, Colombia",State,15148,13544,Daily,52.8,47.2,2353,10705,3866,0,12835,7.91,35.97,43.13,12.99,0.0,378399,455092,45.4,54.6,78124,227337,201243,18529,315466,9.29,27.04,37.52,23.94,2.2,857,5069,1497,0,7104,1696,5499,2231,0,6747,27282,12936,67.84,32.16,797679,398439,66.69,33.31,14251,5623,13623,5571,949,21665,6865,3.22,73.49,23.29,666,10949,4405,571,10131,3079,65428,662972,112810,7.78,78.81,13.41,27697,52347,856053,791786,0.5291,0.0324,52.91,3.24,False,1.15,-1.15,7.4,-7.4,-1.39,8.93,5.61,-10.95,-2.2,-4.56,-5.32,9.88,10832.0,2.5569608567208273,15K,13K,2.3K,10K,3.8K,0,12K,378K,455K,78K,227K,201K,18K,315K,857,5.0K,1.4K,0,7.1K,1.6K,5.4K,2.2K,0,6.7K,27K,12K,797K,398K,14K,5.6K,13K,5.5K,949,21K,6.8K,666,10K,4.4K,571,10K,3.0K,65K,662K,112K
"Bolivar, Colombia",State,29000,30000,Monthly,49.15,50.85,6200,21000,7200,1000,25000,10.26,34.77,41.39,11.92,1.66,540000,570000,48.65,51.35,160000,320000,220000,25000,420000,13.97,27.95,36.68,19.21,2.18,2900,11000,3400,1000,13000,3300,11000,3700,1000,12000,57000,15000,79.17,20.83,1100000,330000,76.92,23.08,28000,7300,29000,8100,1500,39000,19000,2.52,65.55,31.93,1000,19000,11000,1000,21000,8600,56000,790000,300000,4.89,68.94,26.18,59000,110000,1200000,1100000,0.5364,0.0492,53.64,4.92,False,2.24,-2.24,0.5,-0.5,-3.71,6.82,4.71,-7.29,-0.53,-2.37,-3.39,5.75,24395.0,2.418528386964542,29K,30K,6.2K,21K,7.2K,1.0K,25K,540K,570K,160K,320K,220K,25K,420K,2.9K,11K,3.4K,1.0K,13K,3.3K,11K,3.7K,1.0K,12K,57K,15K,1.1M,330K,28K,7.3K,29K,8.1K,1.5K,39K,19K,1.0K,19K,11K,1.0K,21K,8.6K,56K,790K,300K
"Bolivar, Colombia",State,16136,17621,Daily,47.8,52.2,3074,12386,4222,832,14646,8.74,35.23,41.66,12.01,2.37,276479,312967,46.9,53.1,58579,164888,124429,11845,229400,9.94,27.99,38.94,21.12,2.01,1344,6140,1966,997,7978,1322,6250,2558,749,6135,32639,11805,73.44,26.56,569946,245075,69.93,30.07,15514,5558,16774,5871,1124,24145,9216,3.26,70.02,26.72,799,11114,5792,665,12437,3835,36938,464098,86173,6.29,79.03,14.68,32949,58518,631679,569359,0.5631,0.0522,56.31,5.22,False,3.51,-3.51,0.9,-0.9,-1.2,7.24,2.72,-9.11,0.36,-3.03,-9.02,12.05,24395.0,1.3506456241032998,16K,17K,3.0K,12K,4.2K,832,14K,276K,312K,58K,164K,124K,11K,229K,1.3K,6.1K,1.9K,997,7.9K,1.3K,6.2K,2.5K,749,6.1K,32K,11K,569K,245K,15K,5.5K,16K,5.8K,1.1K,24K,9.2K,799,11K,5.7K,665,12K,3.8K,36K,464K,86K
"Boyaca, Colombia",State,3400,2700,Monthly,55.74,44.26,1000,2200,1000,1000,2700,12.66,27.85,34.18,12.66,12.66,270000,280000,49.09,50.91,81000,160000,110000,12000,190000,14.65,28.93,34.36,19.89,2.17,1000,1200,1000,1000,1600,1000,1000,1000,1000,1100,5000,2600,65.79,34.21,500000,240000,67.57,32.43,2800,1400,2200,1200,1000,3800,2200,14.29,54.29,31.43,1000,2000,1300,1000,1800,1000,25000,400000,130000,4.5,72.07,23.42,6100,16000,570000,560000,0.3812,0.0107,38.12,1.07,False,-1.78,1.78,6.65,-6.65,-1.99,-1.08,-0.18,-7.23,10.49,9.78,-17.79,8.01,3822.0,1.596023024594453,3.4K,2.7K,1.0K,2.2K,1.0K,1.0K,2.7K,270K,280K,81K,160K,110K,12K,190K,1.0K,1.2K,1.0K,1.0K,1.6K,1.0K,1.0K,1.0K,1.0K,1.1K,5.0K,2.6K,500K,240K,2.8K,1.4K,2.2K,1.2K,1.0K,3.8K,2.2K,1.0K,2.0K,1.3K,1.0K,1.8K,1.0K,25K,400K,130K
"Boyaca, Colombia",State,2105,1555,Daily,57.51,42.49,713,1099,749,997,1430,14.29,22.03,28.67,15.02,19.99,168399,182798,47.95,52.05,43429,100726,69853,6732,123319,12.62,29.28,35.84,20.3,1.96,498,479,997,0,914,749,624,498,997,366,2352,1856,55.89,44.11,301157,184492,62.01,37.99,1274,1049,1407,599,666,2827,824,15.43,65.49,19.09,664,1333,557,997,1437,333,20147,284662,43009,5.79,81.84,12.37,3690,9611,357199,350036,0.3839,0.0103,38.39,1.03,False,-6.12,6.12,9.56,-9.56,1.67,-7.24,-7.17,-5.29,18.03,9.63,-16.36,6.72,3822.0,0.9654631083202512,2.1K,1.5K,713,1.0K,749,997,1.4K,168K,182K,43K,100K,69K,6.7K,123K,498,479,997,0,914,749,624,498,997,366,2.3K,1.8K,301K,184K,1.2K,1.0K,1.4K,599,666,2.8K,824,664,1.3K,557,997,1.4K,333,20K,284K,43K
"Caqueta, Colombia",State,1000,1000,Monthly,50.0,50.0,1000,1000,1000,1000,1000,20.0,20.0,20.0,20.0,20.0,98000,100000,49.49,50.51,36000,63000,34000,3000,70000,17.48,30.58,33.98,16.5,1.46,1000,1000,1000,1000,1000,1000,1000,1000,1000,1000,1000,1000,50.0,50.0,190000,77000,71.16,28.84,1000,1000,1000,1000,1000,1000,1000,33.33,33.33,33.33,1000,1000,1000,1000,1000,1000,5200,140000,61000,2.52,67.9,29.58,1100,9700,210000,200000,0.1134,0.0052,11.34,0.52,False,-21.16,21.16,0.51,-0.51,2.52,-10.58,-13.98,3.5,18.54,30.81,-34.56,3.75,35.0,31.428571428571427,1.0K,1.0K,1.0K,1.0K,1.0K,1.0K,1.0K,98K,100K,36K,63K,34K,3.0K,70K,1.0K,1.0K,1.0K,1.0K,1.0K,1.0K,1.0K,1.0K,1.0K,1.0K,1.0K,1.0K,190K,77K,1.0K,1.0K,1.0K,1.0K,1.0K,1.0K,1.0K,1.0K,1.0K,1.0K,1.0K,1.0K,1.0K,5.2K,140K,61K
"Caqueta, Colombia",State,570,332,Daily,63.19,36.81,749,499,0,0,399,45.48,30.3,24.23,0.0,0.0,51754,61063,45.87,54.13,15217,35783,20019,1360,45146,12.95,30.45,38.41,17.03,1.16,997,997,0,0,333,664,332,0,0,0,499,332,60.05,39.95,104109,59684,63.56,36.44,499,498,428,0,0,454,664,0.0,40.61,59.39,0,428,0,0,333,664,3960,95189,20109,3.32,79.82,16.86,549,6310,117431,112654,0.0870,0.0047,8.70,0.47,True,-3.51,3.51,17.32,-17.32,32.53,-0.15,-14.19,-17.03,-1.16,-3.32,-39.21,42.53,35.0,15.685714285714285,570,332,749,499,0,0,399,51K,61K,15K,35K,20K,1.3K,45K,997,997,0,0,333,664,332,0,0,0,499,332,104K,59K,499,498,428,0,0,454,664,0,428,0,0,333,664,3.9K,95K,20K
"Cauca, Colombia",State,2200,1900,Monthly,53.66,46.34,1000,1300,1000,1000,1900,16.13,20.97,30.65,16.13,16.13,300000,310000,49.18,50.82,100000,190000,110000,12000,210000,16.08,30.55,33.76,17.68,1.93,1000,1000,1000,1000,1100,1000,1000,1000,1000,1000,3400,1900,64.15,35.85,560000,230000,70.89,29.11,1800,1000,1500,1000,1000,2700,1300,20.0,54.0,26.0,1000,1400,1000,1000,1300,1000,21000,430000,170000,3.38,69.24,27.38,4100,20000,630000,610000,0.2050,0.0065,20.50,0.65,False,-6.74,6.74,4.48,-4.48,0.05,-9.58,-3.12,-1.56,14.2,16.62,-15.24,-1.38,1084.0,3.782287822878229,2.2K,1.9K,1.0K,1.3K,1.0K,1.0K,1.9K,300K,310K,100K,190K,110K,12K,210K,1.0K,1.0K,1.0K,1.0K,1.1K,1.0K,1.0K,1.0K,1.0K,1.0K,3.4K,1.9K,560K,230K,1.8K,1.0K,1.5K,1.0K,1.0K,2.7K,1.3K,1.0K,1.4K,1.0K,1.0K,1.3K,1.0K,21K,430K,170K
"Cauca, Colombia",State,1038,1085,Daily,48.89,51.11,333,649,665,0,870,13.23,25.78,34.56,26.42,0.0,157517,177554,47.01,52.99,44696,106659,61933,5431,122262,13.11,31.28,35.86,18.16,1.59,498,333,664,0,641,498,699,666,0,332,1732,1022,62.89,37.11,287466,163543,63.74,36.26,1349,832,1110,499,0,1542,577,0.0,72.77,27.23,0,1087,332,0,866,499,13387,263374,56568,4.02,79.01,16.97,2180,8612,334991,327122,0.2531,0.0065,25.31,0.65,False,-0.85,0.85,1.88,-1.88,0.12,-5.5,-1.29,8.26,-1.59,-4.02,-6.24,10.26,1084.0,2.011070110701107,1.0K,1.0K,333,649,665,0,870,157K,177K,44K,106K,61K,5.4K,122K,498,333,664,0,641,498,699,666,0,332,1.7K,1.0K,287K,163K,1.3K,832,1.1K,499,0,1.5K,577,0,1.0K,332,0,866,499,13K,263K,56K
"Cesar, Colombia",State,15000,16000,Monthly,48.39,51.61,3600,11000,3300,1000,12000,11.65,35.6,38.83,10.68,3.24,290000,310000,48.33,51.67,100000,180000,110000,10000,210000,16.39,29.51,34.43,18.03,1.64,1600,5600,1500,1000,6400,2000,5700,1800,1000,6100,29000,8500,77.33,22.67,580000,190000,75.32,24.68,14000,3800,15000,4600,1000,19000,12000,3.12,59.38,37.5,1000,8700,6200,1000,10000,5400,22000,420000,180000,3.54,67.52,28.94,31000,45000,650000,610000,0.6889,0.0477,68.89,4.77,False,2.01,-2.01,0.05,-0.05,-4.74,6.09,4.41,-7.35,1.6,-0.41,-8.15,8.56,20148.0,1.5386142545165773,15K,16K,3.6K,11K,3.3K,1.0K,12K,290K,310K,100K,180K,110K,10K,210K,1.6K,5.6K,1.5K,1.0K,6.4K,2.0K,5.7K,1.8K,1.0K,6.1K,29K,8.5K,580K,190K,14K,3.8K,15K,4.6K,1.0K,19K,12K,1.0K,8.7K,6.2K,1.0K,10K,5.4K,22K,420K,180K
"Cesar, Colombia",State,7550,6799,Daily,52.62,47.38,1217,5560,1279,0,6265,8.5,38.82,43.75,8.93,0.0,150590,170674,46.87,53.13,37545,90558,66635,5174,119749,11.75,28.33,37.46,20.85,1.62,488,2921,552,0,3426,761,3284,1291,0,3801,13024,5351,70.88,29.12,293711,133141,68.81,31.19,7601,2763,5975,2823,664,9226,4995,4.46,61.98,33.56,664,4792,2382,0,4790,2260,14066,253289,56593,4.34,78.19,17.47,14133,21113,345799,316060,0.6694,0.0409,66.94,4.09,False,2.07,-2.07,5.74,-5.74,-3.25,10.49,6.29,-11.91,-1.62,0.12,-16.21,16.09,20148.0,0.7014592019058964,7.5K,6.7K,1.2K,5.5K,1.2K,0,6.2K,150K,170K,37K,90K,66K,5.1K,119K,488,2.9K,552,0,3.4K,761,3.2K,1.2K,0,3.8K,13K,5.3K,293K,133K,7.6K,2.7K,5.9K,2.8K,664,9.2K,4.9K,664,4.7K,2.3K,0,4.7K,2.2K,14K,253K,56K
"Choco, Colombia",State,1000,1000,Monthly,50.0,50.0,1000,1000,1000,1000,1000,20.0,20.0,20.0,20.0,20.0,70000,75000,48.28,51.72,26000,44000,20000,2500,54000,17.75,30.03,36.86,13.65,1.71,1000,1000,1000,1000,1000,1000,1000,1000,1000,1000,1000,1000,50.0,50.0,130000,55000,70.27,29.73,1000,1000,1000,1000,1000,1000,1000,33.33,33.33,33.33,1000,1000,1000,1000,1000,1000,4300,99000,43000,2.94,67.67,29.39,1000,5700,150000,140000,0.1754,0.0067,17.54,0.67,True,-20.27,20.27,1.72,-1.72,2.25,-10.03,-16.86,6.35,18.29,30.39,-34.34,3.94,210.0,4.761904761904762,1.0K,1.0K,1.0K,1.0K,1.0K,1.0K,1.0K,70K,75K,26K,44K,20K,2.5K,54K,1.0K,1.0K,1.0K,1.0K,1.0K,1.0K,1.0K,1.0K,1.0K,1.0K,1.0K,1.0K,130K,55K,1.0K,1.0K,1.0K,1.0K,1.0K,1.0K,1.0K,1.0K,1.0K,1.0K,1.0K,1.0K,1.0K,4.3K,99K,43K
"Choco, Colombia",State,0,665,Daily,0.0,100.0,997,997,0,0,199,45.46,45.46,9.07,0.0,0.0,34935,41566,45.67,54.33,10723,23900,9695,663,32469,13.85,30.86,41.92,12.52,0.86,0,0,0,0,0,997,498,0,0,333,399,666,37.46,62.54,63436,36135,63.71,36.29,0,0,749,666,0,499,332,0.0,60.05,39.95,0,0,0,0,599,498,2493,58056,13320,3.37,78.59,18.03,499,3094,77726,67235,0.1613,0.0064,16.13,0.64,True,-26.24,26.24,-45.67,45.67,31.62,14.6,-32.85,-12.52,-0.86,-3.37,-18.55,21.92,210.0,2.376190476190476,0,665,997,997,0,0,199,34K,41K,10K,23K,9.6K,663,32K,0,0,0,0,0,997,498,0,0,333,399,666,63K,36K,0,0,749,666,0,499,332,0,0,0,0,599,498,2.4K,58K,13K
"Cordoba, Colombia",State,6000,5600,Monthly,51.72,48.28,1400,4300,1200,1000,4700,11.11,34.13,37.3,9.52,7.94,350000,380000,47.95,52.05,130000,220000,120000,13000,250000,17.74,30.01,34.11,16.37,1.77,1000,2300,1000,1000,2500,1000,2000,1000,1000,2200,11000,2900,79.14,20.86,690000,200000,77.53,22.47,5600,1500,5200,1400,1000,7300,4300,7.94,57.94,34.13,1000,1000,1000,1000,3700,1900,22000,500000,220000,2.96,67.39,29.65,12000,29000,760000,730000,0.4138,0.0158,41.38,1.58,False,1.61,-1.61,3.78,-3.78,-6.62,4.11,3.2,-6.85,6.16,4.97,-9.45,4.48,6165.0,1.9464720194647203,6.0K,5.6K,1.4K,4.3K,1.2K,1.0K,4.7K,350K,380K,130K,220K,120K,13K,250K,1.0K,2.3K,1.0K,1.0K,2.5K,1.0K,2.0K,1.0K,1.0K,2.2K,11K,2.9K,690K,200K,5.6K,1.5K,5.2K,1.4K,1.0K,7.3K,4.3K,1.0K,1.0K,1.0K,1.0K,3.7K,1.9K,22K,500K,220K
"Cordoba, Colombia",State,3199,3445,Daily,48.15,51.85,614,2980,599,0,2663,8.96,43.47,38.84,8.74,0.0,175780,214566,45.03,54.97,50746,109195,71585,6926,139188,13.44,28.92,36.86,18.96,1.83,399,1302,832,0,1447,399,1406,833,0,1323,6149,2373,72.15,27.85,353647,145020,70.92,29.08,3480,1374,2880,1181,498,5226,1764,6.65,69.79,23.56,0,771,315,498,2217,1191,14987,305333,62005,3.92,79.86,16.22,7008,15937,398847,384466,0.4397,0.0176,43.97,1.76,False,1.24,-1.24,3.12,-3.12,-4.48,14.55,1.98,-10.22,-1.83,2.73,-10.07,7.34,6165.0,1.1367396593673966,3.1K,3.4K,614,2.9K,599,0,2.6K,175K,214K,50K,109K,71K,6.9K,139K,399,1.3K,832,0,1.4K,399,1.4K,833,0,1.3K,6.1K,2.3K,353K,145K,3.4K,1.3K,2.8K,1.1K,498,5.2K,1.7K,0,771,315,498,2.2K,1.1K,14K,305K,62K
"Guaviare, Colombia",State,1000,1000,Monthly,50.0,50.0,1000,1000,1000,1000,1000,20.0,20.0,20.0,20.0,20.0,17000,16000,51.52,48.48,6100,9700,5400,1000,11000,18.37,29.22,33.13,16.27,3.01,1000,1000,1000,1000,1000,1000,1000,1000,1000,1000,1000,1000,50.0,50.0,27000,15000,64.29,35.71,1000,1000,1000,1000,1000,1000,1000,33.33,33.33,33.33,1000,1000,1000,1000,1000,1000,1000,22000,10000,3.03,66.67,30.3,1000,1200,34000,33000,0.8333,0.0294,83.33,2.94,True,-14.29,14.29,-1.52,1.52,1.63,-9.22,-13.13,3.73,16.99,30.3,-33.33,3.03,76.0,13.157894736842104,1.0K,1.0K,1.0K,1.0K,1.0K,1.0K,1.0K,17K,16K,6.1K,9.7K,5.4K,1.0K,11K,1.0K,1.0K,1.0K,1.0K,1.0K,1.0K,1.0K,1.0K,1.0K,1.0K,1.0K,1.0K,27K,15K,1.0K,1.0K,1.0K,1.0K,1.0K,1.0K,1.0K,1.0K,1.0K,1.0K,1.0K,1.0K,1.0K,1.0K,22K,10K
"Guaviare, Colombia",State,749,0,Daily,100.0,0.0,0,498,997,0,997,0.0,19.98,40.01,40.01,0.0,9356,9703,49.09,50.91,3213,4754,3612,997,7524,15.99,23.65,37.43,17.97,4.96,0,498,997,0,997,0,0,0,0,0,749,997,42.9,57.1,14082,10181,58.04,41.96,999,997,0,0,0,997,498,0.0,66.69,33.31,0,997,997,0,0,0,499,13162,3709,2.87,75.77,21.35,666,749,18340,16910,0.8892,0.0363,88.92,3.63,True,-15.14,15.14,50.91,-50.91,-15.99,-3.67,2.58,22.04,-4.96,-2.87,-9.09,11.96,76.0,8.763157894736842,749,0,0,498,997,0,997,9.3K,9.7K,3.2K,4.7K,3.6K,997,7.5K,0,498,997,0,997,0,0,0,0,0,749,997,14K,10K,999,997,0,0,0,997,498,0,997,997,0,0,0,499,13K,3.7K
"Guainia, Colombia",State,1000,1000,Monthly,50.0,50.0,1000,1000,1000,1000,1000,20.0,20.0,20.0,20.0,20.0,4700,4500,51.09,48.91,2400,2900,1200,1000,2700,23.53,28.43,26.47,11.76,9.8,1000,1000,1000,1000,1000,1000,1000,1000,1000,1000,1000,1000,50.0,50.0,8300,3400,70.94,29.06,1000,1000,1000,1000,1000,1000,1000,33.33,33.33,33.33,1000,1000,1000,1000,1000,1000,1000,4700,4400,9.9,46.53,43.56,1000,1000,10000,9400,1.0000,0.1000,100.00,10.00,True,-20.94,20.94,-1.09,1.09,-3.53,-8.43,-6.47,8.24,10.2,23.43,-13.2,-10.23,1042.0,0.9596928982725528,1.0K,1.0K,1.0K,1.0K,1.0K,1.0K,1.0K,4.7K,4.5K,2.4K,2.9K,1.2K,1.0K,2.7K,1.0K,1.0K,1.0K,1.0K,1.0K,1.0K,1.0K,1.0K,1.0K,1.0K,1.0K,1.0K,8.3K,3.4K,1.0K,1.0K,1.0K,1.0K,1.0K,1.0K,1.0K,1.0K,1.0K,1.0K,1.0K,1.0K,1.0K,1.0K,4.7K,4.4K
"Guainia, Colombia",State,0,664,Daily,0.0,100.0,0,498,0,0,997,0.0,33.31,66.69,0.0,0.0,1383,1933,41.71,58.29,703,924,793,498,1259,16.83,22.12,30.14,18.98,11.92,0,0,0,0,0,0,997,0,0,997,333,0,100.0,0.0,3127,2308,57.53,42.47,997,0,664,0,0,664,0,0.0,100.0,0.0,0,997,0,0,997,0,0,2137,1035,0.0,67.37,32.63,333,499,3406,3829,0.6673,0.0978,66.73,9.78,True,42.47,-42.47,-41.71,41.71,-16.83,11.19,36.55,-18.98,-11.92,0.0,32.63,-32.63,1042.0,0.31957773512476007,0,664,0,498,0,0,997,1.3K,1.9K,703,924,793,498,1.2K,0,0,0,0,0,0,997,0,0,997,333,0,3.1K,2.3K,997,0,664,0,0,664,0,0,997,0,0,997,0,0,2.1K,1.0K
"Huila, Colombia",State,1400,1200,Monthly,53.85,46.15,1000,1000,1000,1000,1200,19.23,19.23,23.08,19.23,19.23,310000,320000,49.21,50.79,100000,190000,120000,12000,220000,15.58,29.6,34.27,18.69,1.87,1000,1000,1000,1000,1000,1000,1000,1000,1000,1000,2400,1000,70.59,29.41,590000,240000,71.08,28.92,1300,1000,1100,1000,1000,1700,1000,27.03,45.95,27.03,1000,1000,1000,1000,1000,1000,25000,450000,170000,3.88,69.77,26.36,2700,19000,650000,630000,0.1421,0.0042,14.21,0.42,False,-0.5,0.5,4.64,-4.64,3.65,-10.36,-11.19,0.54,17.36,23.15,-23.82,0.67,1530.0,1.7647058823529411,1.4K,1.2K,1.0K,1.0K,1.0K,1.0K,1.2K,310K,320K,100K,190K,120K,12K,220K,1.0K,1.0K,1.0K,1.0K,1.0K,1.0K,1.0K,1.0K,1.0K,1.0K,2.4K,1.0K,590K,240K,1.3K,1.0K,1.1K,1.0K,1.0K,1.7K,1.0K,1.0K,1.0K,1.0K,1.0K,1.0K,1.0K,25K,450K,170K
"Huila, Colombia",State,1057,674,Daily,61.06,38.94,332,726,749,0,959,12.0,26.25,34.67,27.08,0.0,170647,197930,46.3,53.7,50367,109781,75680,6888,142097,13.09,28.53,36.93,19.67,1.79,498,665,997,0,997,0,332,498,0,666,1512,888,63.0,37.0,343301,183980,65.11,34.89,865,749,618,799,0,1416,399,0.0,78.02,21.98,0,624,599,0,666,399,19669,299290,55030,5.26,80.03,14.71,1905,10223,380119,376823,0.1863,0.0050,18.63,0.50,False,-2.11,2.11,14.76,-14.76,-1.09,-2.28,-2.26,7.41,-1.79,-5.26,-2.01,7.27,1530.0,1.2450980392156863,1.0K,674,332,726,749,0,959,170K,197K,50K,109K,75K,6.8K,142K,498,665,997,0,997,0,332,498,0,666,1.5K,888,343K,183K,865,749,618,799,0,1.4K,399,0,624,599,0,666,399,19K,299K,55K
"La Guajira, Colombia",State,17000,17000,Monthly,50.0,50.0,4700,13000,3100,1000,14000,13.13,36.31,39.11,8.66,2.79,140000,160000,46.67,53.33,55000,91000,48000,4800,110000,17.81,29.47,35.62,15.54,1.55,2100,6700,1500,1000,7100,2500,6600,1600,1000,6600,32000,7800,80.4,19.6,280000,87000,76.29,23.71,16000,3600,16000,4200,1000,20000,15000,2.78,55.56,41.67,1000,9400,8000,1000,11000,6600,11000,210000,88000,3.56,67.96,28.48,34000,43000,340000,300000,0.7907,0.1000,79.07,10.00,False,4.11,-4.11,3.33,-3.33,-4.68,6.84,3.48,-6.88,1.24,-0.78,-12.41,13.19,74874.0,0.4540962149744905,17K,17K,4.7K,13K,3.1K,1.0K,14K,140K,160K,55K,91K,48K,4.8K,110K,2.1K,6.7K,1.5K,1.0K,7.1K,2.5K,6.6K,1.6K,1.0K,6.6K,32K,7.8K,280K,87K,16K,3.6K,16K,4.2K,1.0K,20K,15K,1.0K,9.4K,8.0K,1.0K,11K,6.6K,11K,210K,88K
"La Guajira, Colombia",State,6971,7733,Daily,47.41,52.59,1378,4848,1812,332,8097,8.37,29.44,49.17,11.0,2.02,63525,80271,44.18,55.82,18631,40287,27688,1581,59104,12.65,27.35,40.13,18.8,1.07,827,2050,968,0,3679,1375,2622,872,664,3473,13796,4184,76.73,23.27,128638,61808,67.55,32.45,6456,1396,7589,2639,799,9481,5033,5.22,61.91,32.87,664,3866,4040,997,5976,2436,6736,116584,23675,4.58,79.31,16.11,15246,19961,164108,147104,0.7638,0.0929,76.38,9.29,False,9.18,-9.18,3.23,-3.23,-4.28,2.09,9.04,-7.79,0.94,0.64,-17.4,16.76,74874.0,0.203622085102973,6.9K,7.7K,1.3K,4.8K,1.8K,332,8.0K,63K,80K,18K,40K,27K,1.5K,59K,827,2.0K,968,0,3.6K,1.3K,2.6K,872,664,3.4K,13K,4.1K,128K,61K,6.4K,1.3K,7.5K,2.6K,799,9.4K,5.0K,664,3.8K,4.0K,997,5.9K,2.4K,6.7K,116K,23K
"Magdalena, Colombia",State,29000,26000,Monthly,52.73,47.27,5600,20000,6100,1000,24000,9.88,35.27,42.33,10.76,1.76,400000,450000,47.06,52.94,130000,260000,170000,18000,310000,14.64,29.28,34.91,19.14,2.03,2700,10000,3100,1000,13000,2900,9200,3000,1000,11000,48000,18000,72.73,27.27,740000,350000,67.89,32.11,26000,8900,22000,9200,1000,33000,21000,1.82,60.0,38.18,1000,17000,12000,1000,17000,8800,34000,610000,230000,3.89,69.79,26.32,54000,80000,930000,850000,0.6750,0.0581,67.50,5.81,False,4.84,-4.84,5.67,-5.67,-4.76,5.99,7.42,-8.39,-0.26,-2.07,-9.79,11.87,30688.0,1.759645464025026,29K,26K,5.6K,20K,6.1K,1.0K,24K,400K,450K,130K,260K,170K,18K,310K,2.7K,10K,3.1K,1.0K,13K,2.9K,9.2K,3.0K,1.0K,11K,48K,18K,740K,350K,26K,8.9K,22K,9.2K,1.0K,33K,21K,1.0K,17K,12K,1.0K,17K,8.8K,34K,610K,230K
"Magdalena, Colombia",State,16067,14301,Daily,52.91,47.09,2562,10837,3860,749,14136,7.97,33.71,43.98,12.01,2.33,205663,254815,44.66,55.34,49871,131806,101943,7952,178651,10.61,28.03,37.99,21.68,1.69,1181,5013,1343,997,6497,1518,4995,1998,664,6042,23231,12336,65.32,34.68,375327,263287,58.77,41.23,13491,6515,10597,7044,249,19955,8236,0.88,70.17,28.96,0,10057,5119,599,10547,3313,23348,374946,72704,4.96,79.61,15.44,27975,40804,502695,456732,0.6856,0.0557,68.56,5.57,False,6.54,-6.54,8.24,-8.24,-2.64,5.68,5.98,-9.67,0.64,-4.08,-9.44,13.52,30688.0,0.9115941084462982,16K,14K,2.5K,10K,3.8K,749,14K,205K,254K,49K,131K,101K,7.9K,178K,1.1K,5.0K,1.3K,997,6.4K,1.5K,4.9K,1.9K,664,6.0K,23K,12K,375K,263K,13K,6.5K,10K,7.0K,249,19K,8.2K,0,10K,5.1K,599,10K,3.3K,23K,374K,72K
"Meta, Colombia",State,3000,3200,Monthly,48.39,51.61,1000,2200,1000,1000,2700,12.66,27.85,34.18,12.66,12.66,300000,310000,49.18,50.82,78000,170000,130000,12000,230000,12.58,27.42,37.1,20.97,1.94,1000,1000,1000,1000,1400,1000,1200,1000,1000,1300,5200,2500,67.53,32.47,560000,270000,67.47,32.53,2600,1100,2600,1400,1000,3900,2100,14.29,55.71,30.0,1000,1800,1100,1000,2100,1000,38000,440000,150000,6.05,70.06,23.89,6200,25000,640000,610000,0.2480,0.0097,24.80,0.97,False,0.06,-0.06,-0.79,0.79,0.08,0.43,-2.92,-8.31,10.72,8.23,-14.35,6.11,3092.0,2.0051746442432083,3.0K,3.2K,1.0K,2.2K,1.0K,1.0K,2.7K,300K,310K,78K,170K,130K,12K,230K,1.0K,1.0K,1.0K,1.0K,1.4K,1.0K,1.2K,1.0K,1.0K,1.3K,5.2K,2.5K,560K,270K,2.6K,1.1K,2.6K,1.4K,1.0K,3.9K,2.1K,1.0K,1.8K,1.1K,1.0K,2.1K,1.0K,38K,440K,150K
"Meta, Colombia",State,1349,2364,Daily,36.33,63.67,664,1522,555,0,1499,15.66,35.9,35.35,13.09,0.0,174388,197998,46.83,53.17,40198,101724,80150,6022,149767,10.64,26.92,39.64,21.21,1.59,0,499,599,0,466,664,940,749,0,1025,3242,1477,68.7,31.3,327039,200464,62.0,38.0,1588,742,2011,1220,997,2478,933,22.62,56.22,21.17,997,1336,641,997,1566,817,26942,298418,47896,7.22,79.95,12.83,3581,12512,389973,366243,0.2862,0.0092,28.62,0.92,False,6.7,-6.7,-10.5,10.5,5.02,8.98,-4.28,-8.12,-1.59,15.4,-23.73,8.33,3092.0,1.1581500646830531,1.3K,2.3K,664,1.5K,555,0,1.4K,174K,197K,40K,101K,80K,6.0K,149K,0,499,599,0,466,664,940,749,0,1.0K,3.2K,1.4K,327K,200K,1.5K,742,2.0K,1.2K,997,2.4K,933,997,1.3K,641,997,1.5K,817,26K,298K,47K
"Narino, Colombia",State,1300,1200,Monthly,52.0,48.0,1000,1000,1000,1000,1100,19.61,19.61,21.57,19.61,19.61,340000,340000,50.0,50.0,120000,210000,110000,12000,240000,17.34,30.35,34.68,15.9,1.73,1000,1000,1000,1000,1000,1000,1000,1000,1000,1000,2100,1000,67.74,32.26,650000,210000,75.58,24.42,1100,1000,1000,1000,1000,1600,1000,27.78,44.44,27.78,1000,1000,1000,1000,1000,1000,18000,490000,190000,2.58,70.2,27.22,2500,26000,710000,680000,0.0962,0.0035,9.62,0.35,False,-7.84,7.84,2.0,-2.0,2.27,-10.74,-13.11,3.71,17.87,25.2,-25.76,0.56,1045.0,2.3923444976076556,1.3K,1.2K,1.0K,1.0K,1.0K,1.0K,1.1K,340K,340K,120K,210K,110K,12K,240K,1.0K,1.0K,1.0K,1.0K,1.0K,1.0K,1.0K,1.0K,1.0K,1.0K,2.1K,1.0K,650K,210K,1.1K,1.0K,1.0K,1.0K,1.0K,1.6K,1.0K,1.0K,1.0K,1.0K,1.0K,1.0K,1.0K,18K,490K,190K
"Narino, Colombia",State,666,737,Daily,47.47,52.53,997,740,249,0,586,38.76,28.77,22.78,9.68,0.0,166728,180400,48.03,51.97,48160,106404,60952,5894,139886,13.33,29.45,38.72,16.87,1.63,0,664,0,0,642,997,799,0,0,499,1176,749,61.09,38.91,326906,152754,68.15,31.85,749,666,545,999,0,911,428,0.0,68.04,31.96,0,666,249,0,749,332,12319,289385,53976,3.46,81.36,15.18,1332,13609,372986,342719,0.0979,0.0036,9.79,0.36,False,-7.06,7.06,-0.56,0.56,25.43,-0.68,-15.93,-7.19,-1.63,-3.46,-13.33,16.79,1045.0,1.2746411483253588,666,737,997,740,249,0,586,166K,180K,48K,106K,60K,5.8K,139K,0,664,0,0,642,997,799,0,0,499,1.1K,749,326K,152K,749,666,545,999,0,911,428,0,666,249,0,749,332,12K,289K,53K
"Norte de Santander, Colombia",State,41000,38000,Monthly,51.9,48.1,7900,29000,10000,1000,32000,9.89,36.3,40.05,12.52,1.25,390000,420000,48.15,51.85,110000,240000,160000,16000,300000,13.32,29.06,36.32,19.37,1.94,3600,15000,4900,1000,17000,4300,14000,5200,1000,15000,77000,20000,79.38,20.62,770000,290000,72.64,27.36,40000,9500,36000,11000,2100,50000,28000,2.62,62.42,34.96,1100,24000,16000,1000,26000,12000,39000,560000,220000,4.76,68.38,26.86,80000,100000,910000,790000,0.8000,0.0879,80.00,8.79,False,6.74,-6.74,3.75,-3.75,-3.43,7.24,3.73,-6.85,-0.69,-2.14,-5.95,8.09,82286.0,0.9722188464623387,41K,38K,7.9K,29K,10K,1.0K,32K,390K,420K,110K,240K,160K,16K,300K,3.6K,15K,4.9K,1.0K,17K,4.3K,14K,5.2K,1.0K,15K,77K,20K,770K,290K,40K,9.5K,36K,11K,2.1K,50K,28K,1.1K,24K,16K,1.0K,26K,12K,39K,560K,220K
"Norte de Santander, Colombia",State,21067,22402,Daily,48.46,51.54,3866,14650,6039,340,18233,8.96,33.97,42.28,14.0,0.79,213261,261419,44.93,55.07,54739,141974,98636,8766,191197,11.05,28.66,38.6,19.91,1.77,1696,7843,2426,664,7966,2345,8420,3165,285,9338,40553,13897,74.48,25.52,451322,215478,67.68,32.32,20450,7683,20234,7862,1068,31621,10836,2.45,72.65,24.9,520,13402,7069,454,16705,5211,27440,379455,77351,5.67,78.36,15.97,42356,53991,527799,453143,0.7845,0.0803,78.45,8.03,False,6.79,-6.79,3.54,-3.54,-2.09,5.31,3.68,-5.91,-0.98,-3.21,-5.71,8.92,82286.0,0.5147412682594852,21K,22K,3.8K,14K,6.0K,340,18K,213K,261K,54K,141K,98K,8.7K,191K,1.6K,7.8K,2.4K,664,7.9K,2.3K,8.4K,3.1K,285,9.3K,40K,13K,451K,215K,20K,7.6K,20K,7.8K,1.0K,31K,10K,520,13K,7.0K,454,16K,5.2K,27K,379K,77K
"Putumayo, Colombia",State,1000,1000,Monthly,50.0,50.0,1000,1000,1000,1000,1000,20.0,20.0,20.0,20.0,20.0,67000,68000,49.63,50.37,28000,41000,20000,1000,46000,20.59,30.15,33.82,14.71,0.74,1000,1000,1000,1000,1000,1000,1000,1000,1000,1000,1000,1000,50.0,50.0,120000,47000,71.86,28.14,1000,1000,1000,1000,1000,1000,1000,33.33,33.33,33.33,1000,1000,1000,1000,1000,1000,2600,94000,40000,1.9,68.81,29.28,1100,5400,140000,140000,0.2037,0.0079,20.37,0.79,False,-21.86,21.86,0.37,-0.37,-0.59,-10.15,-13.82,5.29,19.26,31.43,-35.48,4.05,890.0,1.2359550561797752,1.0K,1.0K,1.0K,1.0K,1.0K,1.0K,1.0K,67K,68K,28K,41K,20K,1.0K,46K,1.0K,1.0K,1.0K,1.0K,1.0K,1.0K,1.0K,1.0K,1.0K,1.0K,1.0K,1.0K,120K,47K,1.0K,1.0K,1.0K,1.0K,1.0K,1.0K,1.0K,1.0K,1.0K,1.0K,1.0K,1.0K,1.0K,2.6K,94K,40K
"Putumayo, Colombia",State,399,999,Daily,28.54,71.46,0,799,0,0,499,0.0,61.56,38.44,0.0,0.0,33312,36511,47.71,52.29,11562,20542,11285,599,27615,16.15,28.69,38.57,15.76,0.84,0,498,0,0,332,0,997,0,0,997,499,749,39.98,60.02,62070,35142,63.85,36.15,499,997,749,997,0,832,0,0.0,100.0,0.0,0,664,498,0,999,0,1886,59202,12852,2.55,80.07,17.38,732,2440,73794,74453,0.3000,0.0099,30.00,0.99,True,-23.87,23.87,-19.17,19.17,-16.15,32.87,-0.12,-15.76,-0.84,-2.55,19.93,-17.38,890.0,0.8224719101123595,399,999,0,799,0,0,499,33K,36K,11K,20K,11K,599,27K,0,498,0,0,332,0,997,0,0,997,499,749,62K,35K,499,997,749,997,0,832,0,0,664,498,0,999,0,1.8K,59K,12K
"Quindio, Colombia",State,1900,1800,Monthly,51.35,48.65,1000,1100,1000,1000,1700,17.24,18.97,29.31,17.24,17.24,170000,190000,47.22,52.78,39000,98000,99000,1000,120000,10.92,27.45,33.61,27.73,0.28,1000,1000,1000,1000,1000,1000,1000,1000,1000,1000,3400,1600,68.0,32.0,340000,150000,69.39,30.61,1700,1000,1600,1000,1000,2500,1100,21.74,54.35,23.91,1000,1200,1000,1000,1300,1000,25000,260000,83000,6.79,70.65,22.55,3700,13000,380000,370000,0.2846,0.0097,28.46,0.97,False,-1.39,1.39,4.13,-4.13,6.32,-8.49,-4.3,-10.49,16.96,14.95,-16.3,1.36,1171.0,3.1596925704526044,1.9K,1.8K,1.0K,1.1K,1.0K,1.0K,1.7K,170K,190K,39K,98K,99K,1.0K,120K,1.0K,1.0K,1.0K,1.0K,1.0K,1.0K,1.0K,1.0K,1.0K,1.0K,3.4K,1.6K,340K,150K,1.7K,1.0K,1.6K,1.0K,1.0K,2.5K,1.1K,1.0K,1.2K,1.0K,1.0K,1.3K,1.0K,25K,260K,83K
"Quindio, Colombia",State,1266,1310,Daily,49.15,50.85,997,769,799,0,915,28.65,22.1,26.29,22.96,0.0,97257,127743,43.23,56.77,20577,59605,61263,6806,78400,9.08,26.3,34.59,27.03,3.0,0,599,664,0,624,997,856,997,0,624,2395,1182,66.96,33.04,205384,110307,65.06,34.94,1199,599,1234,833,498,1908,753,15.76,60.4,23.84,498,763,799,0,1039,997,16702,180479,26519,7.47,80.68,11.85,2605,7430,232375,224833,0.3506,0.0112,35.06,1.12,False,1.9,-1.9,5.92,-5.92,19.57,-4.2,-8.3,-4.07,-3.0,8.3,-20.28,11.98,1171.0,2.2245943637916312,1.2K,1.3K,997,769,799,0,915,97K,127K,20K,59K,61K,6.8K,78K,0,599,664,0,624,997,856,997,0,624,2.3K,1.1K,205K,110K,1.1K,599,1.2K,833,498,1.9K,753,498,763,799,0,1.0K,997,16K,180K,26K
"Risaralda, Colombia",State,3500,3300,Monthly,51.47,48.53,1000,2100,1100,1000,3100,12.05,25.3,37.35,13.25,12.05,270000,320000,45.76,54.24,64000,160000,150000,20000,210000,10.6,26.49,34.77,24.83,3.31,1000,1100,1000,1000,1700,1000,1100,1000,1000,1400,6300,2700,70.0,30.0,560000,250000,69.14,30.86,3300,1300,3000,1300,1000,4600,2000,13.16,60.53,26.32,1000,2300,1200,1000,2300,1000,48000,420000,140000,7.89,69.08,23.03,6700,25000,620000,600000,0.2680,0.0108,26.80,1.08,False,0.86,-0.86,5.71,-5.71,1.45,-1.19,2.58,-11.58,8.74,5.26,-8.55,3.29,2588.0,2.58887171561051,3.5K,3.3K,1.0K,2.1K,1.1K,1.0K,3.1K,270K,320K,64K,160K,150K,20K,210K,1.0K,1.1K,1.0K,1.0K,1.7K,1.0K,1.1K,1.0K,1.0K,1.4K,6.3K,2.7K,560K,250K,3.3K,1.3K,3.0K,1.3K,1.0K,4.6K,2.0K,1.0K,2.3K,1.2K,1.0K,2.3K,1.0K,48K,420K,140K
"Risaralda, Colombia",State,2219,2245,Daily,49.71,50.29,285,1399,488,0,2169,6.57,32.23,49.97,11.24,0.0,146432,205280,41.63,58.37,551,97777,89213,9571,136281,0.17,29.33,40.88,26.76,2.87,664,611,499,0,1019,399,1099,249,0,1259,3850,2126,64.42,35.58,332116,189665,63.65,36.35,1979,928,1845,1155,749,3339,1013,14.68,65.46,19.86,749,1478,654,997,1898,285,30048,286570,48891,8.22,78.4,13.38,4271,12533,374644,362399,0.3408,0.0114,34.08,1.14,False,0.77,-0.77,8.07,-8.07,6.4,2.9,9.09,-15.52,-2.87,6.46,-12.95,6.48,2588.0,1.6503091190108192,2.2K,2.2K,285,1.3K,488,0,2.1K,146K,205K,551,97K,89K,9.5K,136K,664,611,499,0,1.0K,399,1.0K,249,0,1.2K,3.8K,2.1K,332K,189K,1.9K,928,1.8K,1.1K,749,3.3K,1.0K,749,1.4K,654,997,1.8K,285,30K,286K,48K
"San Andres y Providencia, Colombia",State,1000,1000,Monthly,50.0,50.0,1000,1000,1000,1000,1000,20.0,20.0,20.0,20.0,20.0,19000,21000,47.5,52.5,3400,9300,12000,1100,15000,8.33,22.79,36.76,29.41,2.7,1000,1000,1000,1000,1000,1000,1000,1000,1000,1000,1000,1000,50.0,50.0,33000,24000,57.89,42.11,1000,1000,1000,1000,1000,1000,1000,33.33,33.33,33.33,1000,1000,1000,1000,1000,1000,3400,29000,8800,8.25,70.39,21.36,1000,2100,42000,40000,0.4762,0.0238,47.62,2.38,True,-7.89,7.89,2.5,-2.5,11.67,-2.79,-16.76,-9.41,17.3,25.08,-37.06,11.97,,,1.0K,1.0K,1.0K,1.0K,1.0K,1.0K,1.0K,19K,21K,3.4K,9.3K,12K,1.1K,15K,1.0K,1.0K,1.0K,1.0K,1.0K,1.0K,1.0K,1.0K,1.0K,1.0K,1.0K,1.0K,33K,24K,1.0K,1.0K,1.0K,1.0K,1.0K,1.0K,1.0K,1.0K,1.0K,1.0K,1.0K,1.0K,1.0K,3.4K,29K,8.8K
"San Andres y Providencia, Colombia",State,664,997,Daily,39.98,60.02,0,997,0,0,749,0.0,57.1,42.9,0.0,0.0,11188,14106,44.23,55.77,1699,5463,7587,366,10715,6.58,21.15,41.48,29.37,1.42,0,0,0,0,664,0,997,0,0,997,799,0,100.0,0.0,19988,19593,50.5,49.5,664,0,997,0,0,997,664,0.0,60.02,39.98,0,997,498,0,997,997,2463,20102,2804,9.71,79.24,11.05,799,1283,28236,23890,0.6228,0.0283,62.28,2.83,True,49.5,-49.5,-4.26,4.26,-6.58,35.95,1.42,-29.37,-1.42,-9.71,-19.21,28.92,,,664,997,0,997,0,0,749,11K,14K,1.6K,5.4K,7.5K,366,10K,0,0,0,0,664,0,997,0,0,997,799,0,19K,19K,664,0,997,0,0,997,664,0,997,498,0,997,997,2.4K,20K,2.8K
"Sucre, Colombia",State,4700,4800,Monthly,49.47,50.53,1300,3500,1000,1000,3800,12.26,33.02,35.85,9.43,9.43,180000,190000,48.65,51.35,66000,110000,64000,7000,130000,17.51,29.18,34.48,16.98,1.86,1000,1800,1000,1000,1900,1000,1800,1000,1000,1900,8700,2800,75.65,24.35,350000,110000,76.09,23.91,4300,1300,4400,1500,1000,6100,3300,9.62,58.65,31.73,1000,2900,1800,1000,3300,1500,10000,260000,110000,2.63,68.42,28.95,9500,19000,400000,380000,0.5000,0.0238,50.00,2.38,False,-0.43,0.43,0.83,-0.83,-5.24,3.84,1.37,-7.54,7.58,6.98,-9.77,2.78,5094.0,1.8649391440910876,4.7K,4.8K,1.3K,3.5K,1.0K,1.0K,3.8K,180K,190K,66K,110K,64K,7.0K,130K,1.0K,1.8K,1.0K,1.0K,1.9K,1.0K,1.8K,1.0K,1.0K,1.9K,8.7K,2.8K,350K,110K,4.3K,1.3K,4.4K,1.5K,1.0K,6.1K,3.3K,1.0K,2.9K,1.8K,1.0K,3.3K,1.5K,10K,260K,110K
"Sucre, Colombia",State,2685,2683,Daily,50.02,49.98,826,1683,832,0,2259,14.75,30.05,40.34,14.86,0.0,89275,102612,46.52,53.48,22249,52696,37448,3639,76180,11.58,27.42,39.63,19.48,1.89,0,1045,997,0,886,555,1183,749,0,1266,4237,1904,69.0,31.0,170560,78710,68.42,31.58,2284,1180,2172,1253,0,3343,1340,0.0,71.39,28.61,0,2053,654,0,2038,666,6376,149753,31492,3.4,79.82,16.78,4729,9378,203841,190803,0.5043,0.0232,50.43,2.32,False,0.57,-0.57,3.49,-3.49,3.17,2.64,0.71,-4.63,-1.89,-3.4,-8.43,11.83,5094.0,0.9283470749901845,2.6K,2.6K,826,1.6K,832,0,2.2K,89K,102K,22K,52K,37K,3.6K,76K,0,1.0K,997,0,886,555,1.1K,749,0,1.2K,4.2K,1.9K,170K,78K,2.2K,1.1K,2.1K,1.2K,0,3.3K,1.3K,0,2.0K,654,0,2.0K,666,6.3K,149K,31K
"Tolima, Colombia",State,2400,1900,Monthly,55.81,44.19,1000,1400,1000,1000,2000,15.62,21.88,31.25,15.62,15.62,320000,350000,47.76,52.24,93000,190000,160000,18000,230000,13.46,27.5,33.29,23.15,2.6,1000,1000,1000,1000,1200,1000,1000,1000,1000,1000,3700,1900,66.07,33.93,620000,300000,67.39,32.61,2100,1000,1600,1000,1000,2800,1500,18.87,52.83,28.3,1000,1500,1000,1000,1300,1000,32000,490000,170000,4.62,70.81,24.57,4400,21000,700000,680000,0.2095,0.0063,20.95,0.63,False,-1.32,1.32,8.05,-8.05,2.17,-5.62,-2.04,-7.53,13.02,14.24,-17.98,3.74,1715.0,2.565597667638484,2.4K,1.9K,1.0K,1.4K,1.0K,1.0K,2.0K,320K,350K,93K,190K,160K,18K,230K,1.0K,1.0K,1.0K,1.0K,1.2K,1.0K,1.0K,1.0K,1.0K,1.0K,3.7K,1.9K,620K,300K,2.1K,1.0K,1.6K,1.0K,1.0K,2.8K,1.5K,1.0K,1.5K,1.0K,1.0K,1.3K,1.0K,32K,490K,170K
"Tolima, Colombia",State,1362,1465,Daily,48.18,51.82,498,905,684,0,1232,15.0,27.27,37.12,20.61,0.0,181240,227748,44.31,55.69,44924,108971,100599,10665,147924,10.88,26.38,35.81,24.35,2.58,498,555,664,0,719,0,749,999,0,567,2252,1512,59.83,40.17,360922,224903,61.61,38.39,1007,832,1226,874,0,2099,576,0.0,78.47,21.53,0,1089,124,0,1085,599,23957,333863,54243,5.81,81.02,13.16,2473,11367,415893,403284,0.2176,0.0059,21.76,0.59,False,-1.78,1.78,3.86,-3.86,4.13,0.89,1.31,-3.74,-2.58,-5.81,-2.56,8.37,1715.0,1.4419825072886296,1.3K,1.4K,498,905,684,0,1.2K,181K,227K,44K,108K,100K,10K,147K,498,555,664,0,719,0,749,999,0,567,2.2K,1.5K,360K,224K,1.0K,832,1.2K,874,0,2.0K,576,0,1.0K,124,0,1.0K,599,23K,333K,54K
"Valle del Cauca, Colombia",State,21000,19000,Monthly,52.5,47.5,2500,13000,6200,1000,19000,6.0,31.18,45.56,14.87,2.4,1300000,1500000,46.43,53.57,320000,780000,780000,95000,1000000,10.76,26.22,33.61,26.22,3.19,1200,6800,3000,1000,10000,1300,1000,3200,1000,8600,39000,14000,73.58,26.42,2800000,1000000,73.68,26.32,21000,7100,18000,7100,1700,27000,12000,4.18,66.34,29.48,1000,14000,7300,1000,14000,5000,190000,2100000,700000,6.35,70.23,23.41,40000,140000,3100000,2900000,0.2857,0.0129,28.57,1.29,False,-0.1,0.1,6.07,-6.07,-4.76,4.96,11.95,-11.35,-0.8,-2.18,-3.9,6.07,16572.0,2.413709872073377,21K,19K,2.5K,13K,6.2K,1.0K,19K,1.3M,1.5M,320K,780K,780K,95K,1.0M,1.2K,6.8K,3.0K,1.0K,10K,1.3K,1.0K,3.2K,1.0K,8.6K,39K,14K,2.8M,1.0M,21K,7.1K,18K,7.1K,1.7K,27K,12K,1.0K,14K,7.3K,1.0K,14K,5.0K,190K,2.1M,700K
"Valle del Cauca, Colombia",State,13237,13921,Daily,48.74,51.26,1388,8568,2990,666,12999,5.22,32.2,48.85,11.24,2.5,736319,947599,43.73,56.27,160382,449903,464671,51855,639733,9.08,25.47,36.21,26.3,2.94,399,4179,1230,664,5863,866,664,2559,997,5979,25622,11643,68.76,31.24,1658346,758999,68.6,31.4,12881,6188,13414,5594,1444,18201,5770,5.68,71.62,22.7,777,9950,3618,1011,11214,2933,125578,1438079,226426,7.02,80.34,12.65,24999,77324,1850079,1724532,0.3233,0.0135,32.33,1.35,False,0.15,-0.15,5.01,-5.01,-3.86,6.73,12.63,-15.07,-0.43,-1.33,-8.72,10.05,16572.0,1.5085083272990587,13K,13K,1.3K,8.5K,2.9K,666,12K,736K,947K,160K,449K,464K,51K,639K,399,4.1K,1.2K,664,5.8K,866,664,2.5K,997,5.9K,25K,11K,1.6M,758K,12K,6.1K,13K,5.5K,1.4K,18K,5.7K,777,9.9K,3.6K,1.0K,11K,2.9K,125K,1.4M,226K
"Vaupes, Colombia",State,1000,1000,Monthly,50.0,50.0,1000,1000,1000,1000,1000,20.0,20.0,20.0,20.0,20.0,1800,1300,58.06,41.94,1000,1000,1000,1000,1100,19.61,19.61,21.57,19.61,19.61,1000,1000,1000,1000,1000,1000,1000,1000,1000,1000,1000,1000,50.0,50.0,2500,1400,64.1,35.9,1000,1000,1000,1000,1000,1000,1000,33.33,33.33,33.33,1000,1000,1000,1000,1000,1000,1000,2000,1100,24.39,48.78,26.83,1000,1000,3300,3200,1.0000,0.3030,100.00,30.30,True,-14.1,14.1,-8.06,8.06,0.39,0.39,-1.57,0.39,0.39,8.94,-15.45,6.5,,,1.0K,1.0K,1.0K,1.0K,1.0K,1.0K,1.0K,1.8K,1.3K,1.0K,1.0K,1.0K,1.0K,1.1K,1.0K,1.0K,1.0K,1.0K,1.0K,1.0K,1.0K,1.0K,1.0K,1.0K,1.0K,1.0K,2.5K,1.4K,1.0K,1.0K,1.0K,1.0K,1.0K,1.0K,1.0K,1.0K,1.0K,1.0K,1.0K,1.0K,1.0K,1.0K,2.0K,1.1K
"Vaupes, Colombia",State,0,0,Daily,,,0,0,0,0,0,,,,,,824,649,55.94,44.06,399,90,666,0,439,25.03,5.65,27.54,41.78,0.0,0,0,0,0,0,0,0,0,0,0,0,0,,,416,658,38.73,61.27,0,0,0,0,0,0,0,,,,0,0,0,0,0,0,997,946,253,45.4,43.08,11.52,0,0,1548,1111,nan,0.0000,nan,0.00,True,,,,,,,,,,,,,,,0,0,0,0,0,0,0,824,649,399,90,666,0,439,0,0,0,0,0,0,0,0,0,0,0,0,416,658,0,0,0,0,0,0,0,0,0,0,0,0,0,997,946,253
"Vichada, Colombia",State,1000,1000,Monthly,50.0,50.0,1000,1000,1000,1000,1000,20.0,20.0,20.0,20.0,20.0,3200,2300,58.18,41.82,1100,1800,1000,1000,1900,16.18,26.47,27.94,14.71,14.71,1000,1000,1000,1000,1000,1000,1000,1000,1000,1000,1000,1000,50.0,50.0,4100,2000,67.21,32.79,1000,1000,1000,1000,1000,1000,1000,33.33,33.33,33.33,1000,1000,1000,1000,1000,1000,1000,3400,2100,15.38,52.31,32.31,1000,1000,6200,5500,1.0000,0.1613,100.00,16.13,True,-17.21,17.21,-8.18,8.18,3.82,-6.47,-7.94,5.29,5.29,17.95,-18.97,1.03,1416.0,0.7062146892655368,1.0K,1.0K,1.0K,1.0K,1.0K,1.0K,1.0K,3.2K,2.3K,1.1K,1.8K,1.0K,1.0K,1.9K,1.0K,1.0K,1.0K,1.0K,1.0K,1.0K,1.0K,1.0K,1.0K,1.0K,1.0K,1.0K,4.1K,2.0K,1.0K,1.0K,1.0K,1.0K,1.0K,1.0K,1.0K,1.0K,1.0K,1.0K,1.0K,1.0K,1.0K,1.0K,3.4K,2.1K
"Vichada, Colombia",State,664,498,Daily,57.14,42.86,0,332,0,0,997,0.0,24.98,75.02,0.0,0.0,1462,676,68.38,31.62,439,999,166,0,677,19.25,43.8,29.68,7.28,0.0,0,498,0,0,997,0,0,0,0,997,499,997,33.36,66.64,1118,1049,51.59,48.41,498,0,498,0,0,332,997,0.0,24.98,75.02,0,0,498,0,498,0,0,1415,370,0.0,79.27,20.73,599,333,2099,1791,1.7988,0.2854,179.88,28.54,True,-18.24,18.24,-11.24,11.24,-19.25,-18.82,45.34,-7.28,0.0,0.0,-54.29,54.29,1416.0,0.4230225988700565,664,498,0,332,0,0,997,1.4K,676,439,999,166,0,677,0,498,0,0,997,0,0,0,0,997,499,997,1.1K,1.0K,498,0,498,0,0,332,997,0,0,498,0,498,0,0,1.4K,370
"Casanare, Colombia",State,2400,3000,Monthly,44.44,55.56,1000,2100,1000,1000,2200,13.7,28.77,30.14,13.7,13.7,120000,120000,50.0,50.0,33000,67000,45000,3000,90000,13.87,28.15,37.82,18.91,1.26,1000,1000,1000,1000,1000,1000,1200,1000,1000,1200,4600,2000,69.7,30.3,210000,100000,67.74,32.26,2100,1000,2500,1200,1000,3200,2100,15.87,50.79,33.33,1000,1300,1000,1000,1900,1100,9800,170000,59000,4.1,71.19,24.71,5300,10000,250000,240000,0.5300,0.0212,53.00,2.12,False,1.96,-1.96,-5.56,5.56,-0.17,0.62,-7.68,-5.21,12.44,11.77,-20.4,8.63,4547.0,1.165603694743787,2.4K,3.0K,1.0K,2.1K,1.0K,1.0K,2.2K,120K,120K,33K,67K,45K,3.0K,90K,1.0K,1.0K,1.0K,1.0K,1.0K,1.0K,1.2K,1.0K,1.0K,1.2K,4.6K,2.0K,210K,100K,2.1K,1.0K,2.5K,1.2K,1.0K,3.2K,2.1K,1.0K,1.3K,1.0K,1.0K,1.9K,1.1K,9.8K,170K,59K
"Casanare, Colombia",State,1277,1723,Daily,42.57,57.43,749,1088,333,498,1256,19.09,27.73,32.01,8.49,12.69,67885,76527,47.01,52.99,16954,36697,27805,1513,57727,12.05,26.08,41.03,19.76,1.08,664,199,332,498,857,997,777,997,0,479,2759,1732,61.43,38.57,118227,76193,60.81,39.19,1145,832,1450,1088,997,1956,944,25.58,50.19,24.22,0,731,499,997,1929,499,7444,113200,20754,5.26,80.06,14.68,3308,5239,150802,143526,0.6314,0.0219,63.14,2.19,False,0.62,-0.62,-4.44,4.44,7.04,1.64,-9.02,-11.28,11.62,20.32,-29.87,9.55,4547.0,0.7275126457004618,1.2K,1.7K,749,1.0K,333,498,1.2K,67K,76K,16K,36K,27K,1.5K,57K,664,199,332,498,857,997,777,997,0,479,2.7K,1.7K,118K,76K,1.1K,832,1.4K,1.0K,997,1.9K,944,0,731,499,997,1.9K,499,7.4K,113K,20K
"Cundinamarca, Colombia",State,12000,11000,Monthly,52.17,47.83,1400,7700,3100,1000,11000,5.79,31.82,45.45,12.81,4.13,630000,630000,50.0,50.0,150000,350000,300000,31000,470000,11.53,26.9,36.13,23.06,2.38,1000,4200,1500,1000,6000,1000,3600,1600,1000,4800,15000,15000,50.0,50.0,940000,800000,54.02,45.98,8200,7700,7200,6800,1100,15000,7500,4.66,63.56,31.78,1000,7600,4400,1000,7200,3000,78000,940000,280000,6.01,72.42,21.57,23000,51000,1300000,1300000,0.4510,0.0177,45.10,1.77,False,-4.02,4.02,2.17,-2.17,-5.74,4.92,9.33,-10.25,1.75,-1.35,-8.86,10.21,11517.0,1.9970478423200486,12K,11K,1.4K,7.7K,3.1K,1.0K,11K,630K,630K,150K,350K,300K,31K,470K,1.0K,4.2K,1.5K,1.0K,6.0K,1.0K,3.6K,1.6K,1.0K,4.8K,15K,15K,940K,800K,8.2K,7.7K,7.2K,6.8K,1.1K,15K,7.5K,1.0K,7.6K,4.4K,1.0K,7.2K,3.0K,78K,940K,280K
"Cundinamarca, Colombia",State,6321,7049,Daily,47.28,52.72,605,3971,2045,997,6609,4.25,27.91,46.45,14.37,7.01,390935,417815,48.34,51.66,81108,222548,187076,16532,326715,9.73,26.69,39.18,22.43,1.98,249,1605,749,997,3592,611,2759,983,0,2843,8024,10360,43.65,56.35,555226,626614,46.98,53.02,3899,5016,4561,4798,549,9154,3524,4.15,69.21,26.64,499,4372,1902,399,4938,1499,58653,653988,98151,7.23,80.66,12.11,13159,25479,814319,814666,0.5165,0.0162,51.65,1.62,False,-3.33,3.33,-1.06,1.06,-5.47,1.23,7.28,-8.06,5.03,-3.08,-11.45,14.54,11517.0,1.14257185030824,6.3K,7.0K,605,3.9K,2.0K,997,6.6K,390K,417K,81K,222K,187K,16K,326K,249,1.6K,749,997,3.5K,611,2.7K,983,0,2.8K,8.0K,10K,555K,626K,3.8K,5.0K,4.5K,4.7K,549,9.1K,3.5K,499,4.3K,1.9K,399,4.9K,1.4K,58K,653K,98K
"Caldas, Colombia",State,1500,1300,Monthly,53.57,46.43,1000,1000,1000,1000,1200,19.23,19.23,23.08,19.23,19.23,210000,240000,46.67,53.33,55000,120000,110000,15000,160000,11.96,26.09,34.78,23.91,3.26,1000,1000,1000,1000,1000,1000,1000,1000,1000,1000,2500,1000,71.43,28.57,420000,180000,70.0,30.0,1300,1000,1200,1000,1000,1800,1000,26.32,47.37,26.32,1000,1000,1000,1000,1000,1000,30000,330000,110000,6.38,70.21,23.4,2700,16000,460000,450000,0.1688,0.0059,16.88,0.59,False,1.43,-1.43,6.9,-6.9,7.27,-6.86,-11.71,-4.68,15.97,19.93,-22.84,2.91,1255.0,2.151394422310757,1.5K,1.3K,1.0K,1.0K,1.0K,1.0K,1.2K,210K,240K,55K,120K,110K,15K,160K,1.0K,1.0K,1.0K,1.0K,1.0K,1.0K,1.0K,1.0K,1.0K,1.0K,2.5K,1.0K,420K,180K,1.3K,1.0K,1.2K,1.0K,1.0K,1.8K,1.0K,1.0K,1.0K,1.0K,1.0K,1.0K,1.0K,30K,330K,110K
"Caldas, Colombia",State,867,974,Daily,47.09,52.91,0,410,399,0,925,0.0,23.64,53.34,23.01,0.0,122954,144536,45.97,54.03,28533,75018,66632,7549,108689,9.96,26.19,37.95,23.26,2.64,0,583,333,0,832,0,749,997,0,997,1428,999,58.84,41.16,254012,131612,65.87,34.13,573,999,749,999,498,1332,444,21.9,58.58,19.53,0,461,249,997,999,749,21842,222967,37706,7.73,78.92,13.35,1592,6688,279170,272668,0.2380,0.0057,23.80,0.57,False,-7.03,7.03,1.13,-1.13,-9.96,-2.55,15.4,-0.25,-2.64,14.17,-20.35,6.18,1255.0,1.2685258964143427,867,974,0,410,399,0,925,122K,144K,28K,75K,66K,7.5K,108K,0,583,333,0,832,0,749,997,0,997,1.4K,999,254K,131K,573,999,749,999,498,1.3K,444,0,461,249,997,999,749,21K,222K,37K
Argentina,Country,47000,44000,Monthly,51.65,48.35,2400,23000,16000,2300,51000,2.53,24.29,53.85,16.9,2.43,14000000,15000000,48.28,51.72,2500000,7100000,8900000,1400000,11000000,8.09,22.98,35.6,28.8,4.53,1100,12000,7200,1000,27000,1200,12000,9100,1200,23000,92000,39000,70.23,29.77,29000000,10000000,74.36,25.64,47000,19000,44000,19000,16000,62000,19000,16.49,63.92,19.59,7700,31000,11000,8100,31000,7900,1700000,21000000,7000000,5.72,70.71,23.57,92000,2300000,32000000,29000000,0.0400,0.0029,4.00,0.29,False,-4.13,4.13,3.37,-3.37,-5.56,1.31,18.26,-11.91,-2.1,10.77,-6.79,-3.98,,,47K,44K,2.4K,23K,16K,2.3K,51K,14M,15M,2.5M,7.1M,8.9M,1.4M,11M,1.1K,12K,7.2K,1.0K,27K,1.2K,12K,9.1K,1.2K,23K,92K,39K,29M,10M,47K,19K,44K,19K,16K,62K,19K,7.7K,31K,11K,8.1K,31K,7.9K,1.7M,21M,7.0M
Argentina,Country,23186,24735,Daily,48.38,51.62,789,11919,9836,1232,28094,1.52,22.98,54.16,18.96,2.38,8254399,10007999,45.2,54.8,1125333,4032799,5897733,764959,7157333,5.93,21.25,37.71,31.08,4.03,249,5891,4023,545,14244,176,5871,5607,738,13169,49852,28207,63.86,36.14,18281599,8007999,69.54,30.46,23231,12698,26019,13518,9077,37866,6252,17.06,71.18,11.75,4075,19402,3713,4768,19530,3240,1103412,14839999,2430399,6.01,80.77,13.23,48991,1348106,19993599,18675999,0.0363,0.0025,3.63,0.25,False,-5.67,5.67,3.18,-3.18,-4.41,1.73,16.45,-12.11,-1.66,11.06,-9.58,-1.47,,,23K,24K,789,11K,9.8K,1.2K,28K,8.2M,10M,1.1M,4.0M,5.8M,764K,7.1M,249,5.8K,4.0K,545,14K,176,5.8K,5.6K,738,13K,49K,28K,18M,8.0M,23K,12K,26K,13K,9.0K,37K,6.2K,4.0K,19K,3.7K,4.7K,19K,3.2K,1.1M,14M,2.4M
Brazil,Country,28000,22000,Monthly,56.0,44.0,3100,16000,8100,1000,23000,6.05,31.25,44.92,15.82,1.95,58000000,68000000,46.03,53.97,13000000,32000000,34000000,3700000,47000000,10.02,24.67,36.24,26.21,2.85,1500,9100,4300,1000,14000,1600,6600,3700,1000,9300,51000,15000,77.27,22.73,124000000,57000000,68.51,31.49,28000,7900,22000,6800,3200,30000,18000,6.25,58.59,35.16,1600,16000,12000,1600,14000,6600,12000000,87000000,31000000,9.23,66.92,23.85,51000,2200000,126000000,124000000,0.0232,0.0004,2.32,0.04,False,8.76,-8.76,9.97,-9.97,-3.97,6.58,8.68,-10.39,-0.9,-2.98,-8.33,11.31,,,28K,22K,3.1K,16K,8.1K,1.0K,23K,58M,68M,13M,32M,34M,3.7M,47M,1.5K,9.1K,4.3K,1.0K,14K,1.6K,6.6K,3.7K,1.0K,9.3K,51K,15K,124M,57M,28K,7.9K,22K,6.8K,3.2K,30K,18K,1.6K,16K,12K,1.6K,14K,6.6K,12M,87M,31M
Brazil,Country,14958,12420,Daily,54.64,45.36,1818,9060,4722,642,13404,6.13,30.56,45.21,15.93,2.17,34258666,44589866,43.45,56.55,6468799,19754666,21941333,2145013,30781866,7.98,24.36,37.96,27.06,2.65,545,5765,1634,399,8646,933,3945,2672,666,6436,28359,11297,71.51,28.49,76317866,44915999,62.95,37.05,13896,5555,12648,5221,1948,20286,8010,6.44,67.07,26.48,1230,9793,4607,822,9140,3099,8092799,59554399,11837866,10.18,74.93,14.89,29331,1259572,80707199,74995199,0.0233,0.0004,2.33,0.04,False,8.56,-8.56,11.19,-11.19,-1.84,6.2,7.25,-11.13,-0.48,-3.74,-7.85,11.59,,,14K,12K,1.8K,9.0K,4.7K,642,13K,34M,44M,6.4M,19M,21M,2.1M,30M,545,5.7K,1.6K,399,8.6K,933,3.9K,2.6K,666,6.4K,28K,11K,76M,44M,13K,5.5K,12K,5.2K,1.9K,20K,8.0K,1.2K,9.7K,4.6K,822,9.1K,3.0K,8.0M,59M,11M
Chile,Country,110000,99000,Monthly,52.63,47.37,4300,45000,35000,4000,130000,1.97,20.61,59.55,16.03,1.83,5500000,5900000,48.25,51.75,720000,2700000,3700000,420000,4400000,6.03,22.61,36.85,30.99,3.52,2000,23000,17000,1800,70000,2300,22000,18000,2100,57000,210000,110000,65.62,34.38,11000000,4900000,69.18,30.82,110000,56000,97000,52000,34000,150000,42000,15.04,66.37,18.58,16000,74000,26000,17000,71000,16000,1600000,7600000,2500000,13.68,64.96,21.37,210000,1600000,13000000,11000000,0.1313,0.0162,13.12,1.62,False,-3.56,3.56,4.39,-4.39,-4.06,-2.0,22.7,-14.96,-1.69,1.37,1.41,-2.78,,,110K,99K,4.3K,45K,35K,4.0K,130K,5.5M,5.9M,720K,2.7M,3.7M,420K,4.4M,2.0K,23K,17K,1.8K,70K,2.3K,22K,18K,2.1K,57K,210K,110K,11M,4.9M,110K,56K,97K,52K,34K,150K,42K,16K,74K,26K,17K,71K,16K,1.6M,7.6M,2.5M
Chile,Country,67758,67279,Daily,50.18,49.82,2111,28179,22137,2525,86347,1.49,19.94,61.11,15.67,1.79,3503866,3954179,46.98,53.02,329855,1673279,2382799,239015,3108159,4.27,21.64,40.19,30.81,3.09,1356,13311,9058,1319,46322,754,14122,12418,1562,35611,131567,84308,60.95,39.05,6966666,3918692,64.0,36.0,66576,41520,64634,43454,22530,101027,19370,15.76,70.68,13.55,10100,49475,12221,10913,51578,6568,1129386,5498345,856666,15.09,73.46,11.45,129889,1019733,8309599,6931466,0.1274,0.0156,12.74,1.56,False,-3.05,3.05,3.2,-3.2,-2.77,-1.7,20.92,-15.15,-1.3,0.67,-2.78,2.11,,,67K,67K,2.1K,28K,22K,2.5K,86K,3.5M,3.9M,329K,1.6M,2.3M,239K,3.1M,1.3K,13K,9.0K,1.3K,46K,754,14K,12K,1.5K,35K,131K,84K,6.9M,3.9M,66K,41K,64K,43K,22K,101K,19K,10K,49K,12K,10K,51K,6.5K,1.1M,5.4M,856K
Colombia,Country,470000,440000,Monthly,51.65,48.35,77000,330000,110000,12000,390000,8.38,35.91,42.44,11.97,1.31,14000000,15000000,48.28,51.72,3600000,8200000,6500000,740000,11000000,11.98,27.3,36.62,21.64,2.46,35000,170000,54000,5900,220000,41000,160000,57000,5800,180000,890000,250000,78.07,21.93,29000000,10000000,74.36,25.64,470000,120000,440000,120000,34000,590000,300000,3.68,63.85,32.47,17000,300000,180000,17000,300000,130000,1900000,20000000,7200000,6.53,68.73,24.74,910000,1800000,31000000,29000000,0.5056,0.0294,50.56,2.94,False,3.71,-3.71,3.37,-3.37,-3.61,8.61,5.82,-9.67,-1.16,-2.85,-4.88,7.73,,,470K,440K,77K,330K,110K,12K,390K,14M,15M,3.6M,8.2M,6.5M,740K,11M,35K,170K,54K,5.9K,220K,41K,160K,57K,5.8K,180K,890K,250K,29M,10M,470K,120K,440K,120K,34K,590K,300K,17K,300K,180K,17K,300K,130K,1.9M,20M,7.2M
Colombia,Country,262811,251587,Daily,51.09,48.91,32887,185529,62676,5837,227415,6.39,36.07,44.21,12.19,1.13,7974399,9163999,46.53,53.47,1604159,4773492,3787333,382431,6990132,9.15,27.22,39.86,21.6,2.18,14230,94615,27033,3067,126401,22317,93943,34348,2729,105444,488431,180044,73.07,26.93,17129333,7618666,69.22,30.78,255922,89980,260091,90711,21602,361237,127405,4.23,70.8,24.97,9387,188786,79151,10735,193031,57404,1335066,13637332,2302079,7.73,78.94,13.33,496738,937919,17897333,16642132,0.5296,0.0278,52.96,2.78,False,3.85,-3.85,4.56,-4.56,-2.75,8.85,4.36,-9.41,-1.05,-3.49,-8.15,11.64,,,262K,251K,32K,185K,62K,5.8K,227K,7.9M,9.1M,1.6M,4.7M,3.7M,382K,6.9M,14K,94K,27K,3.0K,126K,22K,93K,34K,2.7K,105K,488K,180K,17M,7.6M,255K,89K,260K,90K,21K,361K,127K,9.3K,188K,79K,10K,193K,57K,1.3M,13M,2.3M
Costa Rica,Country,7200,7000,Monthly,50.7,49.3,1000,2700,4500,1000,6800,6.25,16.88,42.5,28.12,6.25,1400000,1500000,48.28,51.72,290000,700000,830000,94000,1100000,9.62,23.22,36.5,27.54,3.12,1000,1400,2100,1000,3500,1000,1400,2300,1000,3100,15000,6800,68.81,31.19,2900000,1400000,67.44,32.56,7200,3300,7000,3400,4300,8600,2500,27.92,55.84,16.23,1900,4200,1400,2300,4100,1000,420000,1900000,600000,14.38,65.07,20.55,15000,410000,3400000,2900000,0.0366,0.0044,3.66,0.44,False,1.37,-1.37,2.43,-2.43,-3.37,-6.35,6.0,0.59,3.13,13.54,-9.22,-4.31,,,7.2K,7.0K,1.0K,2.7K,4.5K,1.0K,6.8K,1.4M,1.5M,290K,700K,830K,94K,1.1M,1.0K,1.4K,2.1K,1.0K,3.5K,1.0K,1.4K,2.3K,1.0K,3.1K,15K,6.8K,2.9M,1.4M,7.2K,3.3K,7.0K,3.4K,4.3K,8.6K,2.5K,1.9K,4.2K,1.4K,2.3K,4.1K,1.0K,420K,1.9M,600K
Costa Rica,Country,4395,4867,Daily,47.45,52.55,665,1647,3176,624,4413,6.32,15.65,41.93,30.18,5.93,982613,1148799,46.1,53.9,182539,511279,589188,57687,833946,8.39,23.51,38.35,27.09,2.65,997,466,1399,599,2470,749,1038,1936,999,1774,9617,5643,63.02,36.98,2039279,1193172,63.09,36.91,4533,2313,4726,3137,2727,7009,825,25.82,66.37,7.81,1097,2779,719,1605,3297,142,336123,1518985,257759,15.91,71.89,12.2,9849,255715,2448906,2105786,0.0385,0.0040,3.85,0.40,False,-0.07,0.07,1.35,-1.35,-2.08,-7.86,3.58,3.08,3.28,9.91,-5.53,-4.39,,,4.3K,4.8K,665,1.6K,3.1K,624,4.4K,982K,1.1M,182K,511K,589K,57K,833K,997,466,1.3K,599,2.4K,749,1.0K,1.9K,999,1.7K,9.6K,5.6K,2.0M,1.1M,4.5K,2.3K,4.7K,3.1K,2.7K,7.0K,825,1.0K,2.7K,719,1.6K,3.2K,142,336K,1.5M,257K
Ecuador,Country,78000,63000,Monthly,55.32,44.68,6400,41000,21000,2000,74000,4.43,28.39,51.25,14.54,1.39,5400000,5100000,51.43,48.57,1700000,3300000,2000000,200000,3600000,15.74,30.56,33.33,18.52,1.85,3000,22000,11000,1000,42000,3400,19000,10000,1000,32000,140000,49000,74.07,25.93,11000000,3300000,76.92,23.08,78000,25000,64000,24000,11000,99000,37000,7.48,67.35,25.17,5500,51000,22000,5200,46000,14000,750000,7200000,2800000,6.98,66.98,26.05,140000,870000,11000000,11000000,0.1609,0.0127,16.09,1.27,False,-2.85,2.85,3.89,-3.89,-11.31,-2.16,17.91,-3.98,-0.47,0.51,0.37,-0.88,,,78K,63K,6.4K,41K,21K,2.0K,74K,5.4M,5.1M,1.7M,3.3M,2.0M,200K,3.6M,3.0K,22K,11K,1.0K,42K,3.4K,19K,10K,1.0K,32K,140K,49K,11M,3.3M,78K,25K,64K,24K,11K,99K,37K,5.5K,51K,22K,5.2K,46K,14K,750K,7.2M,2.8M
Ecuador,Country,45507,38571,Daily,54.12,45.88,3833,22818,11354,1092,45607,4.53,26.94,53.84,13.4,1.29,2894399,2937599,49.63,50.37,759333,1810159,1185066,102713,2019732,12.92,30.8,34.37,20.16,1.75,1606,12380,6541,437,23490,1639,10272,6475,666,20992,83398,36780,69.4,30.6,5450666,2517679,68.4,31.6,44975,19629,38903,19815,7821,61651,16002,9.15,72.13,18.72,3637,33491,9307,4346,31558,4999,517209,4552319,907119,8.65,76.17,15.18,81196,460287,5922399,5919466,0.1764,0.0137,17.64,1.37,False,0.99,-0.99,4.5,-4.5,-8.4,-3.86,19.48,-6.76,-0.46,0.5,-4.04,3.54,,,45K,38K,3.8K,22K,11K,1.0K,45K,2.8M,2.9M,759K,1.8M,1.1M,102K,2.0M,1.6K,12K,6.5K,437,23K,1.6K,10K,6.4K,666,20K,83K,36K,5.4M,2.5M,44K,19K,38K,19K,7.8K,61K,16K,3.6K,33K,9.3K,4.3K,31K,4.9K,517K,4.5M,907K
Guyana,Country,1600,2000,Monthly,44.44,55.56,1000,1400,1000,1000,1300,17.54,24.56,22.81,17.54,17.54,160000,190000,45.71,54.29,51000,100000,77000,7300,120000,14.35,28.15,33.77,21.67,2.05,1000,1000,1000,1000,1000,1000,1000,1000,1000,1000,3600,1000,78.26,21.74,340000,120000,73.91,26.09,1600,1000,2000,1000,1000,2300,1100,22.73,52.27,25.0,1000,1000,1000,1000,1400,1000,34000,210000,110000,9.6,59.32,31.07,3600,42000,390000,340000,0.0857,0.0092,8.57,0.92,False,4.35,-4.35,-1.27,1.27,3.19,-3.58,-10.97,-4.13,15.49,13.12,-7.05,-6.07,,,1.6K,2.0K,1.0K,1.4K,1.0K,1.0K,1.3K,160K,190K,51K,100K,77K,7.3K,120K,1.0K,1.0K,1.0K,1.0K,1.0K,1.0K,1.0K,1.0K,1.0K,1.0K,3.6K,1.0K,340K,120K,1.6K,1.0K,2.0K,1.0K,1.0K,2.3K,1.1K,1.0K,1.0K,1.0K,1.0K,1.4K,1.0K,34K,210K,110K
Guyana,Country,627,1221,Daily,33.93,66.07,0,962,684,0,541,0.0,43.99,24.74,31.28,0.0,76611,110489,40.95,59.05,21258,48578,43394,3548,70959,11.32,25.88,37.8,23.11,1.89,0,749,749,0,499,0,666,332,0,499,2119,641,76.78,23.22,178786,86344,67.43,32.57,1003,532,1058,832,399,1494,219,18.89,70.74,10.37,0,428,332,333,932,199,21684,126283,38072,11.66,67.88,20.46,2073,20947,202284,178125,0.0990,0.0102,9.90,1.02,False,9.34,-9.34,-7.02,7.02,-11.32,18.11,-13.06,8.16,-1.89,7.24,2.86,-10.1,,,627,1.2K,0,962,684,0,541,76K,110K,21K,48K,43K,3.5K,70K,0,749,749,0,499,0,666,332,0,499,2.1K,641,178K,86K,1.0K,532,1.0K,832,399,1.4K,219,0,428,332,333,932,199,21K,126K,38K
Mexico,Country,48000,48000,Monthly,50.0,50.0,6500,25000,22000,2800,43000,6.55,25.18,43.3,22.16,2.82,38000000,40000000,48.72,51.28,10000000,22000000,17000000,1800000,29000000,12.53,27.57,36.34,21.3,2.26,3100,13000,11000,1200,22000,3400,13000,11000,1500,21000,96000,38000,71.64,28.36,78000000,28000000,73.58,26.42,48000,17000,48000,20000,23000,55000,24000,22.55,53.92,23.53,9900,27000,14000,13000,28000,9600,8800000,50000000,21000000,11.03,62.66,26.32,96000,5000000,84000000,78000000,0.0192,0.0011,1.92,0.11,False,-1.94,1.94,1.28,-1.28,-5.99,-2.39,6.96,0.85,0.56,11.52,-8.74,-2.79,,,48K,48K,6.5K,25K,22K,2.8K,43K,38M,40M,10M,22M,17M,1.8M,29M,3.1K,13K,11K,1.2K,22K,3.4K,13K,11K,1.5K,21K,96K,38K,78M,28M,48K,17K,48K,20K,23K,55K,24K,9.9K,27K,14K,13K,28K,9.6K,8.8M,50M,21M
Mexico,Country,25196,29658,Daily,45.93,54.07,2484,13677,13478,1531,23512,4.54,25.01,43.0,24.65,2.8,21411733,25215999,45.92,54.08,4970666,13170666,10671466,1009439,18289332,10.33,27.38,38.01,22.18,2.1,1101,6828,6219,666,11205,2002,7365,7571,1047,13622,51590,30134,63.13,36.87,46966399,21884799,68.21,31.79,24685,13737,29077,16967,14684,33363,8118,26.14,59.4,14.45,5615,16282,4021,9066,19078,3518,6392319,34733333,7106399,13.25,72.01,14.73,54613,2984999,50021333,46529599,0.0183,0.0011,1.83,0.11,False,-5.09,5.09,0.01,-0.01,-5.79,-2.36,4.98,2.47,0.7,12.89,-12.61,-0.28,,,25K,29K,2.4K,13K,13K,1.5K,23K,21M,25M,4.9M,13M,10M,1.0M,18M,1.1K,6.8K,6.2K,666,11K,2.0K,7.3K,7.5K,1.0K,13K,51K,30K,46M,21M,24K,13K,29K,16K,14K,33K,8.1K,5.6K,16K,4.0K,9.0K,19K,3.5K,6.3M,34M,7.1M
Panama,Country,41000,39000,Monthly,51.25,48.75,2000,17000,18000,1800,44000,2.42,20.53,53.14,21.74,2.17,770000,780000,49.68,50.32,140000,420000,370000,38000,610000,8.87,26.62,38.66,23.45,2.41,1000,8500,8700,1000,24000,1100,8800,9500,1000,20000,82000,37000,68.91,31.09,1500000,430000,77.72,22.28,41000,18000,39000,19000,18000,56000,13000,20.69,64.37,14.94,7900,28000,7700,9300,27000,5200,120000,1000000,420000,7.79,64.94,27.27,82000,330000,1900000,1500000,0.2485,0.0432,24.85,4.32,False,-8.81,8.81,1.57,-1.57,-6.46,-6.08,14.48,-1.71,-0.23,12.9,-0.57,-12.33,,,41K,39K,2.0K,17K,18K,1.8K,44K,770K,780K,140K,420K,370K,38K,610K,1.0K,8.5K,8.7K,1.0K,24K,1.1K,8.8K,9.5K,1.0K,20K,82K,37K,1.5M,430K,41K,18K,39K,19K,18K,56K,13K,7.9K,28K,7.7K,9.3K,27K,5.2K,120K,1.0M,420K
Panama,Country,20929,22130,Daily,48.61,51.39,678,9117,10855,1439,24329,1.46,19.64,52.41,23.39,3.1,323399,370655,46.6,53.4,29613,161649,186000,16937,295890,4.29,23.42,42.88,26.95,2.45,171,4367,4374,997,12128,366,5026,5707,857,11569,45220,26287,63.24,36.76,659999,267062,71.19,28.81,21407,11187,22786,12981,10124,32878,3738,21.66,70.34,8.0,4813,17245,3034,6161,15902,1524,59240,492799,98955,9.1,75.7,15.2,44370,178588,889199,651899,0.2484,0.0499,24.84,4.99,False,-7.95,7.95,2.01,-2.01,-2.83,-3.78,9.54,-3.57,0.65,12.56,-5.36,-7.2,,,20K,22K,678,9.1K,10K,1.4K,24K,323K,370K,29K,161K,186K,16K,295K,171,4.3K,4.3K,997,12K,366,5.0K,5.7K,857,11K,45K,26K,659K,267K,21K,11K,22K,12K,10K,32K,3.7K,4.8K,17K,3.0K,6.1K,15K,1.5K,59K,492K,98K
Peru,Country,160000,110000,Monthly,59.26,40.74,11000,85000,37000,3400,140000,3.98,30.75,50.65,13.39,1.23,12000000,10000000,54.55,45.45,3300000,6300000,4300000,490000,7700000,14.94,28.52,34.86,19.47,2.22,1000,48000,21000,2000,88000,5400,37000,16000,1400,52000,270000,99000,73.17,26.83,22000000,6500000,77.19,22.81,160000,56000,110000,40000,15000,180000,80000,5.45,65.45,29.09,8000,100000,53000,6900,82000,26000,880000,15000000,6600000,3.91,66.73,29.36,270000,1100000,23000000,22000000,0.2455,0.0117,24.55,1.17,False,-4.02,4.02,4.71,-4.71,-10.96,2.23,15.79,-6.08,-0.99,1.54,-1.27,-0.27,,,160K,110K,11K,85K,37K,3.4K,140K,12M,10M,3.3M,6.3M,4.3M,490K,7.7M,1.0K,48K,21K,2.0K,88K,5.4K,37K,16K,1.4K,52K,270K,99K,22M,6.5M,160K,56K,110K,40K,15K,180K,80K,8.0K,100K,53K,6.9K,82K,26K,880K,15M,6.6M
Peru,Country,91304,63663,Daily,58.92,41.08,5473,48332,19366,1870,84048,3.44,30.38,52.83,12.17,1.18,6204799,5373332,53.59,46.41,1253119,3190319,2468773,245065,4369493,10.87,27.68,37.91,21.42,2.13,467,28777,10193,1011,47993,2736,21411,8888,699,30777,151341,71481,67.92,32.08,11152533,4712932,70.29,29.71,87660,41751,66940,30408,7514,110741,32250,4.99,73.58,21.43,3955,59446,24124,4494,51313,10258,618111,9087999,1881439,5.33,78.43,16.24,155296,506879,11530666,11439999,0.3064,0.0135,30.64,1.35,False,-2.37,2.37,5.33,-5.33,-7.43,2.7,14.92,-9.24,-0.95,-0.34,-4.85,5.19,,,91K,63K,5.4K,48K,19K,1.8K,84K,6.2M,5.3M,1.2M,3.1M,2.4M,245K,4.3M,467,28K,10K,1.0K,47K,2.7K,21K,8.8K,699,30K,151K,71K,11M,4.7M,87K,41K,66K,30K,7.5K,110K,32K,3.9K,59K,24K,4.4K,51K,10K,618K,9.0M,1.8M
United States,Country,170000,210000,Monthly,44.74,55.26,8000,59000,170000,26000,160000,1.89,13.95,37.83,40.19,6.15,81000000,97000000,45.51,54.49,7300000,32000000,80000000,20000000,60000000,3.66,16.06,30.11,40.14,10.04,3700,30000,69000,9500,73000,4200,29000,93000,16000,83000,390000,210000,65.0,35.0,179000000,81000000,68.85,31.15,170000,90000,210000,110000,220000,150000,48000,52.63,35.89,11.48,92000,69000,26000,130000,78000,21000,92000000,67000000,30000000,48.68,35.45,15.87,390000,36000000,216000000,180000000,0.0108,0.0018,1.08,0.18,False,-3.85,3.85,-0.77,0.77,-1.77,-2.11,7.72,0.05,-3.89,3.95,0.44,-4.39,,,170K,210K,8.0K,59K,170K,26K,160K,81M,97M,7.3M,32M,80M,20M,60M,3.7K,30K,69K,9.5K,73K,4.2K,29K,93K,16K,83K,390K,210K,179M,81M,170K,90K,210K,110K,220K,150K,48K,92K,69K,26K,130K,78K,21K,92M,67M,30M
United States,Country,96493,133706,Daily,41.92,58.08,2916,29948,106658,15810,102418,1.13,11.62,39.74,41.38,6.13,46105199,66089332,41.09,58.91,2643573,19268266,50517333,11178666,39679999,2.14,15.63,32.18,40.98,9.07,1235,13991,42019,4505,43872,2000,14806,63707,11392,52471,235156,164688,58.81,41.19,109786666,65793599,62.53,37.47,94989,69116,133950,89446,145742,96392,13043,57.11,37.77,5.11,59055,43681,7967,89142,54487,5565,63173332,46792799,8191999,53.47,39.6,6.93,234540,24182399,135697333,112463999,0.0097,0.0017,0.97,0.17,False,-3.72,3.72,0.82,-0.82,-1.01,-4.01,7.55,0.41,-2.93,3.65,-1.83,-1.82,,,96K,133K,2.9K,29K,106K,15K,102K,46M,66M,2.6M,19M,50M,11M,39M,1.2K,13K,42K,4.5K,43K,2.0K,14K,63K,11K,52K,235K,164K,109M,65M,94K,69K,133K,89K,145K,96K,13K,59K,43K,7.9K,89K,54K,5.5K,63M,46M,8.1M
Uruguay,Country,4000,4000,Monthly,50.0,50.0,1000,1600,2000,1000,4300,10.1,16.16,43.43,20.2,10.1,1100000,1300000,45.83,54.17,150000,530000,850000,150000,810000,6.02,21.29,32.53,34.14,6.02,1000,1000,1000,1000,2200,1000,1000,1000,1000,2100,8100,3600,69.23,30.77,2300000,980000,70.12,29.88,4000,1700,4000,1800,1500,5300,1700,17.65,62.35,20.0,1000,2500,1000,1000,2700,1000,290000,1600000,520000,12.03,66.39,21.58,8100,170000,2500000,2300000,0.0476,0.0032,4.76,0.32,False,-0.89,0.89,4.17,-4.17,4.08,-5.12,10.9,-13.93,4.08,5.61,-4.04,-1.58,,,4.0K,4.0K,1.0K,1.6K,2.0K,1.0K,4.3K,1.1M,1.3M,150K,530K,850K,150K,810K,1.0K,1.0K,1.0K,1.0K,2.2K,1.0K,1.0K,1.0K,1.0K,2.1K,8.1K,3.6K,2.3M,980K,4.0K,1.7K,4.0K,1.8K,1.5K,5.3K,1.7K,1.0K,2.5K,1.0K,1.0K,2.7K,1.0K,290K,1.6M,520K
Uruguay,Country,1944,2431,Daily,44.43,55.57,498,890,784,0,2883,9.85,17.61,57.03,15.51,0.0,633893,889199,41.62,58.38,67907,302453,557826,86666,541079,4.36,19.44,34.78,35.85,5.57,498,713,166,0,1414,0,506,856,0,1662,5196,2731,65.55,34.45,1425999,804383,63.94,36.06,2318,1019,2591,1465,1075,3534,339,21.73,71.42,6.85,166,1574,249,817,1533,166,195751,1122985,194687,12.93,74.2,12.86,5218,95882,1538666,1408826,0.0544,0.0034,5.44,0.34,False,1.61,-1.61,2.82,-2.82,5.49,-1.83,22.26,-20.34,-5.57,8.79,-2.78,-6.01,,,1.9K,2.4K,498,890,784,0,2.8K,633K,889K,67K,302K,557K,86K,541K,498,713,166,0,1.4K,0,506,856,0,1.6K,5.1K,2.7K,1.4M,804K,2.3K,1.0K,2.5K,1.4K,1.0K,3.5K,339,166,1.5K,249,817,1.5K,166,195K,1.1M,194K
Venezuela,Country,20000,26000,Monthly,43.48,56.52,4300,14000,8700,1700,17000,9.41,30.63,37.2,19.04,3.72,5200000,6600000,44.07,55.93,1600000,3300000,2600000,290000,4300000,13.23,27.3,35.57,21.51,2.4,1600,5900,4200,1000,8300,2800,7700,6500,1000,8900,45000,9600,82.42,17.58,12000000,1500000,88.89,11.11,20000,3900,25000,5600,4000,26000,16000,8.7,56.52,34.78,1700,11000,7800,2200,16000,8500,520000,6500000,4900000,4.36,54.53,41.11,46000,790000,13000000,12000000,0.0582,0.0035,5.82,0.35,False,-6.47,6.47,-0.59,0.59,-3.82,3.34,1.63,-2.47,1.32,4.33,1.99,-6.32,,,20K,26K,4.3K,14K,8.7K,1.7K,17K,5.2M,6.6M,1.6M,3.3M,2.6M,290K,4.3M,1.6K,5.9K,4.2K,1.0K,8.3K,2.8K,7.7K,6.5K,1.0K,8.9K,45K,9.6K,12M,1.5M,20K,3.9K,25K,5.6K,4.0K,26K,16K,1.7K,11K,7.8K,2.2K,16K,8.5K,520K,6.5M,4.9M
Venezuela,Country,10016,12402,Daily,44.68,55.32,1097,5839,4168,1243,9490,5.02,26.74,43.46,19.09,5.69,2023146,2713919,42.71,57.29,571733,1335839,1084373,118041,1776186,11.7,27.34,36.35,22.19,2.42,464,2763,2014,624,4353,890,3262,3462,699,5119,22821,5761,79.84,20.16,4620799,933599,83.19,16.81,9267,2462,12471,3367,1891,14299,5053,8.9,67.31,23.79,1081,6518,2902,639,8791,2758,236010,3118266,1351093,5.02,66.27,28.71,22192,333906,5196533,4691199,0.0665,0.0043,6.65,0.43,False,-3.35,3.35,1.97,-1.97,-6.68,-0.6,7.11,-3.11,3.28,3.89,1.04,-4.93,,,10K,12K,1.0K,5.8K,4.1K,1.2K,9.4K,2.0M,2.7M,571K,1.3M,1.0M,118K,1.7M,464,2.7K,2.0K,624,4.3K,890,3.2K,3.4K,699,5.1K,22K,5.7K,4.6M,933K,9.2K,2.4K,12K,3.3K,1.8K,14K,5.0K,1.0K,6.5K,2.9K,639,8.7K,2.7K,236K,3.1M,1.3M
